symbol,side,signal_date,entry_date,entry,stop,qty,exit_date,exit,reason,pnl,costs,r,bars
ETHUSDT,-1,2018-06-04 00:00:00+00:00,2018-06-05 00:00:00+00:00,591.02001953125,628.8099975585938,26.462042377384517,2018-06-10 00:00:00+00:00,515.4400634765625,target,1933.468176099207,66.53182390079319,1.933468176099207,5
BTCUSDT,-1,2018-06-08 00:00:00+00:00,2018-06-09 00:00:00+00:00,7603.43994140625,7770.377395629883,2.6240653825007394,2018-06-10 00:00:00+00:00,7269.565032958984,target,796.088235438408,80.02135390366533,1.8173256978872734,1
ETHUSDT,-1,2018-06-22 00:00:00+00:00,2018-06-23 00:00:00+00:00,462.3999938964844,545.2914657592773,12.393260018543508,2018-07-13 00:00:00+00:00,431.1400146484375,max_hold,353.96868600642625,33.44436498889287,0.3445636274222944,20
BTCUSDT,-1,2018-07-10 00:00:00+00:00,2018-07-11 00:00:00+00:00,6296.91015625,6818.16015625,1.9775288334928076,2018-07-17 00:00:00+00:00,6818.16015625,stop,-1090.2062998176027,59.41939535947668,-1.057644693682554,6
ETHUSDT,-1,2018-07-20 00:00:00+00:00,2018-07-21 00:00:00+00:00,449.0400085449219,510.9279136657715,16.48033143124853,2018-08-10 00:00:00+00:00,363.2099914550781,max_hold,1373.491176158154,41.015952232196135,1.3466481847522453,20
BTCUSDT,-1,2018-08-22 00:00:00+00:00,2018-08-23 00:00:00+00:00,6362.56982421875,6882.5400390625,1.9879371360712674,2018-08-27 00:00:00+00:00,6882.5400390625,stop,-1091.6249134644033,57.95681372555744,-1.0560690745319508,4
ETHUSDT,-1,2018-09-04 00:00:00+00:00,2018-09-05 00:00:00+00:00,285.17999267578125,302.0,60.805672131400605,2018-09-05 00:00:00+00:00,251.53997802734375,target,1980.232464078506,65.27123712989831,1.936180768491068,0
ETHUSDT,-1,2018-09-24 00:00:00+00:00,2018-09-25 00:00:00+00:00,228.05999755859375,255.1300048828125,38.51325796695459,2018-10-15 00:00:00+00:00,196.83999633789062,max_hold,1152.7010496888297,49.6829110527469,1.1056509839577013,20
BNBUSDT,-1,2018-12-06 00:00:00+00:00,2018-12-07 00:00:00+00:00,4.89769983291626,6.161267042160034,834.210620559493,2018-12-24 00:00:00+00:00,6.161267042160034,stop,-1079.6786748163534,25.597489074477714,-1.0242841722447231,17
BTCUSDT,-1,2018-12-29 00:00:00+00:00,2018-12-30 00:00:00+00:00,3696.7099609375,4020.0,3.2270848864354247,2019-01-06 00:00:00+00:00,4020.0,stop,-1101.6379868623458,58.35358786863389,-1.055932579769158,7
NEOUSDT,1,2019-03-01 00:00:00+00:00,2019-03-02 00:00:00+00:00,8.946000099182129,8.550000190734863,2330.936645557238,2019-03-03 00:00:00+00:00,8.550000190734863,stop,-1004.6148346899379,81.56413645289516,-1.088363658256991,1
BNBUSDT,1,2019-02-28 00:00:00+00:00,2019-03-01 00:00:00+00:00,10.277700424194336,9.268500328063965,1022.8576305959225,2019-03-05 00:00:00+00:00,12.296100616455078,target,2018.3564689582122,46.17956929196487,1.955263973661506,4
LTCUSDT,1,2019-03-01 00:00:00+00:00,2019-03-02 00:00:00+00:00,47.02000045776367,42.5099983215332,231.1812592595711,2019-03-06 00:00:00+00:00,56.04000473022461,target,2037.6048626769168,47.65108355731413,1.9542971368638296,4
ONTUSDT,1,2019-03-05 00:00:00+00:00,2019-03-06 00:00:00+00:00,0.9185000061988831,0.7656000256538391,6899.3010862938045,2019-03-20 00:00:00+00:00,1.224299967288971,target,2080.2383593678564,29.567644369590177,1.9719712198019987,14
XLMUSDT,1,2019-03-22 00:00:00+00:00,2019-03-23 00:00:00+00:00,0.10809999704360962,0.09962999820709229,128235.27781404639,2019-03-25 00:00:00+00:00,0.09962999820709229,stop,-1139.4292811880186,53.27662730256859,-1.0490507730308298,2
EOSUSDT,1,2019-03-05 00:00:00+00:00,2019-03-06 00:00:00+00:00,3.7493999004364014,3.1332667469978333,1712.1347812261542,2019-03-26 00:00:00+00:00,3.6500000953674316,max_hold,-195.52340369172367,25.337540186040805,-0.18534728154660748,20
NEOUSDT,1,2019-03-05 00:00:00+00:00,2019-03-06 00:00:00+00:00,8.739999771118164,7.9019999504089355,1258.8344004368903,2019-03-26 00:00:00+00:00,8.92199993133545,max_hold,184.64099695463466,44.46706561190946,0.17503125560127297,20
BNBUSDT,1,2019-03-22 00:00:00+00:00,2019-03-23 00:00:00+00:00,15.152400016784668,13.860699653625488,840.8704409039486,2019-03-31 00:00:00+00:00,17.735800743103027,target,2116.9958760238915,55.30943174700869,1.949077662749198,8
LTCUSDT,1,2019-03-27 00:00:00+00:00,2019-03-28 00:00:00+00:00,61.43000030517578,57.22999954223633,257.5124921153682,2019-04-02 00:00:00+00:00,69.83000183105469,target,2095.5031461716344,67.60218053033853,1.9374952484321144,5
NEOUSDT,1,2019-03-27 00:00:00+00:00,2019-03-28 00:00:00+00:00,9.284000396728516,8.345000267028809,1151.8131139096517,2019-04-02 00:00:00+00:00,11.16200065612793,target,2116.0053824225915,47.099944279381205,1.9564515479685927,5
ICXUSDT,1,2019-03-24 00:00:00+00:00,2019-03-25 00:00:00+00:00,0.3382999897003174,0.2912999987602234,23344.500532908987,2019-04-03 00:00:00+00:00,0.43229997158050537,target,2158.404084681924,35.97854241355962,1.967208505964904,9
ONTUSDT,1,2019-03-27 00:00:00+00:00,2019-03-28 00:00:00+00:00,1.2518999576568604,1.0988999605178833,7068.971788075013,2019-04-03 00:00:00+00:00,1.5578999519348145,target,2123.3805341198945,39.72479258207854,1.9632705887302808,6
ETHUSDT,1,2019-04-14 00:00:00+00:00,2019-04-15 00:00:00+00:00,167.2100067138672,158.11000061035156,130.14662117728454,2019-04-15 00:00:00+00:00,158.11000061035156,stop,-1269.0136465744583,84.67859950923307,-1.0714988547531934,0
BNBUSDT,1,2019-04-12 00:00:00+00:00,2019-04-13 00:00:00+00:00,18.286699295043945,16.250099182128906,578.5051437303528,2019-04-19 00:00:00+00:00,22.359899520874023,target,2309.33874910603,47.02853298030522,1.9600838686415083,6
ADAUSDT,1,2019-04-14 00:00:00+00:00,2019-04-15 00:00:00+00:00,0.08415000140666962,0.07575000077486038,140992.25690297803,2019-04-19 00:00:00+00:00,0.07575000077486038,stop,-1229.4243714379554,45.08932437273005,-1.0380714262272834,4
ETCUSDT,1,2019-04-14 00:00:00+00:00,2019-04-15 00:00:00+00:00,6.417900085449219,5.8206000328063965,1982.814235198875,2019-04-21 00:00:00+00:00,5.8206000328063965,stop,-1232.868391569146,48.5333445039207,-1.0409794041172606,6
LTCUSDT,1,2019-04-14 00:00:00+00:00,2019-04-15 00:00:00+00:00,83.30999755859375,74.63999938964844,136.60153370128074,2019-04-21 00:00:00+00:00,74.63999938964844,stop,-1227.4874707277104,43.15242366248499,-1.0364359931502631,6
XLMUSDT,1,2019-04-18 00:00:00+00:00,2019-04-19 00:00:00+00:00,0.11720000207424164,0.1100199967622757,165927.4030997063,2019-04-21 00:00:00+00:00,0.1100199967622757,stop,-1266.7636843351286,75.40404867852322,-1.0632924319590238,2
VETUSDT,1,2019-04-16 00:00:00+00:00,2019-04-17 00:00:00+00:00,0.0069610001519322395,0.00624299980700016,1619319.2378469054,2019-04-24 00:00:00+00:00,0.00624299980700016,stop,-1205.4347536292878,42.76298230005797,-1.0367799265059725,7
XRPUSDT,1,2019-04-17 00:00:00+00:00,2019-04-18 00:00:00+00:00,0.33434998989105225,0.31310999393463135,54587.46162006103,2019-04-24 00:00:00+00:00,0.31310999393463135,stop,-1230.1238581165971,70.68639403521968,-1.060966111778374,6
ETHUSDT,1,2019-04-16 00:00:00+00:00,2019-04-17 00:00:00+00:00,165.41000366210938,155.6999969482422,119.7395435029699,2019-04-25 00:00:00+00:00,155.6999969482422,stop,-1239.5709011038737,76.89912977464377,-1.066140016185934,8
BTCUSDT,1,2019-04-26 00:00:00+00:00,2019-04-27 00:00:00+00:00,5315.0,5102.0,4.147771054597501,2019-05-03 00:00:00+00:00,5741.0,target,1675.2349556992756,91.71551355925996,1.89618779342723,6
BNBUSDT,1,2019-04-28 00:00:00+00:00,2019-04-29 00:00:00+00:00,23.016599655151367,20.8799991607666,515.5474784014745,2019-05-07 00:00:00+00:00,20.8799991607666,stop,-1146.780558891305,45.26156165989532,-1.0410901326020314,8
ONTUSDT,-1,2019-05-04 00:00:00+00:00,2019-05-05 00:00:00+00:00,1.0918999910354614,1.1992000341415405,10420.55792650651,2019-05-11 00:00:00+00:00,1.1992000341415405,stop,-1172.4573327981918,54.33101809464915,-1.048591127299472,6
QTUMUSDT,-1,2019-05-04 00:00:00+00:00,2019-05-05 00:00:00+00:00,2.4820001125335693,2.8259999752044678,3250.3684914933933,2019-05-14 00:00:00+00:00,2.8259999752044678,stop,-1159.7173804489737,41.59106574543095,-1.037197108411189,9
TRXUSDT,1,2019-05-19 00:00:00+00:00,2019-05-20 00:00:00+00:00,0.02824999950826168,0.024650000035762787,301175.86485152657,2019-05-27 00:00:00+00:00,0.03544999845325947,target,2130.096105235584,38.36980395420322,1.9646111070581327,7
EOSUSDT,1,2019-05-24 00:00:00+00:00,2019-05-25 00:00:00+00:00,6.406599998474121,5.722700119018555,1584.3057811034412,2019-05-27 00:00:00+00:00,7.774399757385254,target,2122.078985644732,44.93407979006899,1.9585290181154924,2
XRPUSDT,1,2019-05-24 00:00:00+00:00,2019-05-25 00:00:00+00:00,0.382860004901886,0.36090999841690063,49362.46982243766,2019-05-27 00:00:00+00:00,0.4267600178718567,target,2087.0833775511805,79.92968788362033,1.9262305436376472,2
NEOUSDT,1,2019-05-23 00:00:00+00:00,2019-05-24 00:00:00+00:00,11.402000427246094,10.65999984741211,1455.7638546485841,2019-05-29 00:00:00+00:00,12.886001586914062,target,2089.640057633518,70.71519086769273,1.9345337384518098,5
ONTUSDT,1,2019-05-25 00:00:00+00:00,2019-05-26 00:00:00+00:00,1.3499000072479248,1.2455999851226807,10381.03733486825,2019-05-29 00:00:00+00:00,1.558500051498413,target,2105.10042823033,60.38441918915749,1.9442301161690279,3
ETCUSDT,1,2019-05-24 00:00:00+00:00,2019-05-25 00:00:00+00:00,7.2855000495910645,6.659999847412109,1732.2241127068576,2019-05-30 00:00:00+00:00,8.536500453948975,target,2112.1985638678166,54.81450156698419,1.9494100866844695,5
QTUMUSDT,1,2019-05-26 00:00:00+00:00,2019-05-27 00:00:00+00:00,3.055000066757202,2.7230000495910645,3409.733382126492,2019-06-01 00:00:00+00:00,3.7190001010894775,target,2217.8680137902215,46.19506900567457,1.95919277218316,5
XLMUSDT,1,2019-05-31 00:00:00+00:00,2019-06-01 00:00:00+00:00,0.13342000544071198,0.12402000278234482,131069.68344698778,2019-06-04 00:00:00+00:00,0.12402000278234482,stop,-1299.5405336017989,67.48516076877198,-1.0547744543442024,3
ETHUSDT,1,2019-05-31 00:00:00+00:00,2019-06-01 00:00:00+00:00,267.8999938964844,240.13999938964844,44.38240693922442,2019-06-04 00:00:00+00:00,240.13999938964844,stop,-1277.1514482798789,45.09607544685198,-1.036602312234682,3
ICXUSDT,1,2019-06-02 00:00:00+00:00,2019-06-03 00:00:00+00:00,0.4302000105381012,0.36500000953674316,19277.528753411592,2019-06-04 00:00:00+00:00,0.36500000953674316,stop,-1287.5538765295566,30.658982503412574,-1.0243926382779742,1
TRXUSDT,1,2019-06-04 00:00:00+00:00,2019-06-05 00:00:00+00:00,0.03505000099539757,0.03027999959886074,249979.1906648097,2019-06-09 00:00:00+00:00,0.03027999959886074,stop,-1225.0633699256564,32.662281349368456,-1.027392025772441,4
XRPUSDT,1,2019-06-06 00:00:00+00:00,2019-06-07 00:00:00+00:00,0.4193499982357025,0.38359999656677246,33365.55746431923,2019-06-09 00:00:00+00:00,0.38359999656677246,stop,-1246.4004834193076,53.58174838511361,-1.0449202773324797,2
LTCUSDT,1,2019-05-24 00:00:00+00:00,2019-05-25 00:00:00+00:00,100.5,84.62000274658203,68.23090177072854,2019-06-11 00:00:00+00:00,132.25999450683594,target,2135.2502167920984,31.762848642702473,1.97068513416062,17
ADAUSDT,1,2019-05-26 00:00:00+00:00,2019-05-27 00:00:00+00:00,0.08516000211238861,0.07381000369787216,99738.47572966175,2019-06-16 00:00:00+00:00,0.0911799967288971,max_hold,565.2493215621255,35.17576538920031,0.499322943655879,20
BTCUSDT,1,2019-06-10 00:00:00+00:00,2019-06-11 00:00:00+00:00,7981.0,7444.580078125,2.213726341192384,2019-06-16 00:00:00+00:00,9053.83984375,target,2299.5528746298905,75.42094736020586,1.9364869232141622,5
ETHUSDT,1,2019-06-10 00:00:00+00:00,2019-06-11 00:00:00+00:00,246.61000061035156,226.55999755859375,59.22627083545204,2019-06-21 00:00:00+00:00,286.7100067138672,target,2311.8007115985974,63.173110391498895,1.9468010048729183,10
QTUMUSDT,1,2019-06-10 00:00:00+00:00,2019-06-11 00:00:00+00:00,3.2049999237060547,2.805000066757202,2968.7183391840326,2019-06-22 00:00:00+00:00,4.00499963760376,target,2332.164906143758,42.80891584633855,1.9639499893009624,11
NEOUSDT,1,2019-06-10 00:00:00+00:00,2019-06-11 00:00:00+00:00,12.291999816894531,11.020000457763672,933.5593626449959,2019-06-22 00:00:00+00:00,14.83599853515625,target,2324.3226282873466,50.65119370275005,1.95734589305047,11
LTCUSDT,1,2019-06-25 00:00:00+00:00,2019-06-26 00:00:00+00:00,136.32000732421875,129.75,194.45701601385318,2019-06-26 00:00:00+00:00,129.75,stop,-1381.0623788068415,103.47835935010328,-1.0809953457261503,0
ETCUSDT,1,2019-06-08 00:00:00+00:00,2019-06-09 00:00:00+00:00,8.40530014038086,7.30709981918335,1085.5233689569388,2019-06-27 00:00:00+00:00,7.30709981918335,stop,-1226.234467132923,34.11235467701002,-1.0286148158150799,18
IOTAUSDT,1,2019-06-12 00:00:00+00:00,2019-06-13 00:00:00+00:00,0.4339999854564667,0.39329999685287476,29983.71906457839,2019-06-27 00:00:00+00:00,0.39329999685287476,stop,-1269.9480847250302,49.61106050338793,-1.040653573167651,14
ONTUSDT,1,2019-06-22 00:00:00+00:00,2019-06-23 00:00:00+00:00,1.601199984550476,1.371064469218254,5721.405991737539,2019-07-01 00:00:00+00:00,1.371064469218254,stop,-1350.709779643023,34.01106330964183,-1.025830558568746,8
ETHUSDT,1,2019-06-28 00:00:00+00:00,2019-06-29 00:00:00+00:00,310.95001220703125,280.010009765625,40.30431575352852,2019-07-02 00:00:00+00:00,280.010009765625,stop,-1294.6521064599772,47.63647864659618,-1.0382003862534794,3
LTCUSDT,1,2019-06-29 00:00:00+00:00,2019-06-30 00:00:00+00:00,133.8800048828125,113.54357528686523,61.664882365568836,2019-07-02 00:00:00+00:00,113.54357528686523,stop,-1284.558230701023,30.514691931262135,-1.0243330402716302,2
TRXUSDT,1,2019-06-12 00:00:00+00:00,2019-06-13 00:00:00+00:00,0.03348999843001366,0.028999999165534973,271790.02764565725,2019-07-03 00:00:00+00:00,0.031939998269081116,max_hold,-456.84102781403294,35.56644122340446,-0.374356443135384,20
NEOUSDT,1,2019-07-02 00:00:00+00:00,2019-07-03 00:00:00+00:00,17.94300079345703,15.503000259399414,494.5293760752908,2019-07-10 00:00:00+00:00,15.503000259399414,stop,-1239.7320017966551,33.08006006576524,-1.0274147489609253,7
ETHUSDT,1,2019-07-03 00:00:00+00:00,2019-07-04 00:00:00+00:00,301.1099853515625,272.6499938964844,42.38193535713292,2019-07-11 00:00:00+00:00,272.6499938964844,stop,-1254.8236348156777,48.63411670200129,-1.0403204604016614,7
BTCUSDT,1,2019-07-03 00:00:00+00:00,2019-07-04 00:00:00+00:00,11940.0,9981.151977539062,0.6157647271677145,2019-07-15 00:00:00+00:00,9981.151977539062,stop,-1233.186062446979,26.99654433330269,-1.02238167711449,11
LTCUSDT,-1,2019-07-22 00:00:00+00:00,2019-07-23 00:00:00+00:00,95.30999755859375,105.87999725341797,110.62275074767886,2019-08-05 00:00:00+00:00,105.87999725341797,stop,-1227.1820564329878,57.899614789406634,-1.049517219045914,13
XRPUSDT,-1,2019-08-06 00:00:00+00:00,2019-08-07 00:00:00+00:00,0.311599999666214,0.3310000002384186,59730.384457409724,2019-08-14 00:00:00+00:00,0.2727999985218048,target,2235.0825634017224,82.45642190177517,1.9288413938883733,7
EOSUSDT,-1,2019-07-27 00:00:00+00:00,2019-07-28 00:00:00+00:00,4.275199890136719,4.757199764251709,2440.318492287099,2019-08-17 00:00:00+00:00,3.5801000595092773,max_hold,1637.8200504980239,58.44492016775186,1.3924279998456708,20
ETCUSDT,-1,2019-08-06 00:00:00+00:00,2019-08-07 00:00:00+00:00,5.8643999099731445,6.389699935913086,2205.919351666343,2019-08-22 00:00:00+00:00,6.389699935913086,stop,-1231.9035494478208,73.13405679607206,-1.063113550416926,15
ADAUSDT,-1,2019-08-25 00:00:00+00:00,2019-08-26 00:00:00+00:00,0.04949000105261803,0.052650000900030136,374500.2116670786,2019-08-29 00:00:00+00:00,0.04317000135779381,target,2291.9939838312953,74.84723961624711,1.9367534764269279,3
XRPUSDT,-1,2019-09-09 00:00:00+00:00,2019-09-10 00:00:00+00:00,0.2586899995803833,0.26590999960899353,93265.34102739718,2019-09-17 00:00:00+00:00,0.26590999960899353,stop,-788.068631641965,114.69286675581448,-1.1703252073160162,7
BNBUSDT,-1,2019-09-20 00:00:00+00:00,2019-09-21 00:00:00+00:00,21.274099349975586,23.170000076293945,632.1321831934458,2019-09-24 00:00:00+00:00,17.482297897338867,target,2344.087542014115,52.83218847721308,1.9559165976189086,3
LINKUSDT,-1,2019-09-24 00:00:00+00:00,2019-09-25 00:00:00+00:00,1.7135000228881836,2.053287297487259,3596.0756391114433,2019-10-06 00:00:00+00:00,2.053287297487259,stop,-1256.1515078775287,34.25076721172356,-1.0280307279239889,11
TRXUSDT,-1,2019-10-01 00:00:00+00:00,2019-10-02 00:00:00+00:00,0.013939999975264072,0.01510000042617321,1049650.6054529513,2019-10-06 00:00:00+00:00,0.01510000042617321,stop,-1284.6762473093538,67.08107168688093,-1.0550930826845524,4
XRPUSDT,-1,2019-10-01 00:00:00+00:00,2019-10-02 00:00:00+00:00,0.24786999821662903,0.2619200050830841,86661.53598326897,2019-10-07 00:00:00+00:00,0.2619200050830841,stop,-1316.8764514153922,99.2812757929193,-1.0815388215891737,5
ETHUSDT,-1,2019-10-01 00:00:00+00:00,2019-10-02 00:00:00+00:00,175.64999389648438,185.52999877929688,123.23831719361105,2019-10-09 00:00:00+00:00,185.52999877929688,stop,-1321.865635495982,104.27045987350895,-1.0856363937383398,7
NEOUSDT,-1,2019-10-10 00:00:00+00:00,2019-10-11 00:00:00+00:00,7.480999946594238,7.817999839782715,3128.2049207272585,2019-10-16 00:00:00+00:00,6.807000160217285,target,2007.5526801175943,100.85676819591174,1.9043290492967713,5
LTCUSDT,-1,2019-10-11 00:00:00+00:00,2019-10-12 00:00:00+00:00,55.849998474121094,60.060001373291016,279.76472830145974,2019-10-23 00:00:00+00:00,47.42999267578125,target,2281.0269698927896,74.59366457647224,1.936667506231725,11
EOSUSDT,-1,2019-10-11 00:00:00+00:00,2019-10-12 00:00:00+00:00,3.0601000785827637,3.309999942779541,4713.129080803317,2019-10-23 00:00:00+00:00,2.560300350189209,target,2287.255797767174,68.36483670208804,1.9419559875629202,11
ONTUSDT,-1,2019-10-12 00:00:00+00:00,2019-10-13 00:00:00+00:00,0.6315000057220459,0.6740000247955322,27604.82017680515,2019-10-23 00:00:00+00:00,0.5464999675750732,target,2264.6817303295006,81.7290377392579,1.9303369735159153,10
BTCUSDT,-1,2019-10-11 00:00:00+00:00,2019-10-12 00:00:00+00:00,8257.9501953125,8779.509765625,2.258246965977307,2019-10-25 00:00:00+00:00,8779.509765625,stop,-1278.3268720518022,100.51655481717114,-1.0853418868440319,13
LINKUSDT,1,2019-10-20 00:00:00+00:00,2019-10-21 00:00:00+00:00,2.4442999362945557,2.181999921798706,4643.01051027489,2019-10-25 00:00:00+00:00,2.968899965286255,target,2385.4563602244543,50.26708807451741,1.9587251269353898,4
BTTUSDT,-1,2019-10-11 00:00:00+00:00,2019-10-12 00:00:00+00:00,0.00043539999751374125,0.00047950001317076385,26707707.46193768,2019-10-28 00:00:00+00:00,0.00047950001317076385,stop,-1244.645821648241,66.83550441361005,-1.0567455586316585,16
ETCUSDT,-1,2019-10-11 00:00:00+00:00,2019-10-12 00:00:00+00:00,4.64169979095459,5.223299980163574,2025.1202442635597,2019-11-01 00:00:00+00:00,4.803299903869629,max_hold,-384.1255011159617,56.86584097643895,-0.32613528298669187,20
XLMUSDT,1,2019-11-09 00:00:00+00:00,2019-11-10 00:00:00+00:00,0.07314000278711319,0.06844999641180038,268133.46799666836,2019-11-12 00:00:00+00:00,0.0825200155377388,target,2431.6200275944784,83.47532108373503,1.9336205515010756,2
LINKUSDT,1,2019-10-31 00:00:00+00:00,2019-11-01 00:00:00+00:00,2.723299980163574,2.510699987411499,5895.603702459128,2019-11-14 00:00:00+00:00,3.1484999656677246,target,2437.5749978223516,69.23561100148461,1.9447619929820152,13
ONTUSDT,1,2019-11-12 00:00:00+00:00,2019-11-13 00:00:00+00:00,0.9174000024795532,0.8029999732971191,11268.63154589147,2019-11-15 00:00:00+00:00,0.8029999732971191,stop,-1327.9048845732575,38.77310687717586,-1.0300769149810818,2
QTUMUSDT,1,2019-11-10 00:00:00+00:00,2019-11-11 00:00:00+00:00,2.187000036239624,2.071000099182129,10959.010279350203,2019-11-18 00:00:00+00:00,2.071000099182129,stop,-1364.5714371241886,93.3269345071231,-1.0734138352732256,7
BATUSDT,1,2019-11-13 00:00:00+00:00,2019-11-14 00:00:00+00:00,0.25429999828338623,0.2345999926328659,66209.06698518682,2019-11-20 00:00:00+00:00,0.2345999926328659,stop,-1369.0582182191217,64.73922449526273,-1.0496345026077025,6
IOSTUSDT,-1,2019-11-30 00:00:00+00:00,2019-12-01 00:00:00+00:00,0.005245000123977661,0.005685000214725733,2861701.524898639,2019-12-02 00:00:00+00:00,0.005685000214725733,stop,-1323.2567700990182,64.10783944972192,-1.0509136273630983,1
FETUSDT,1,2019-12-06 00:00:00+00:00,2019-12-07 00:00:00+00:00,0.057020001113414764,0.050450000911951065,190965.99782300353,2019-12-07 00:00:00+00:00,0.07016000151634216,target,2460.719176129052,48.57411221064749,1.9612846274794868,0
QTUMUSDT,-1,2019-12-01 00:00:00+00:00,2019-12-02 00:00:00+00:00,1.7829999923706055,1.9129999876022339,9711.803650911055,2019-12-13 00:00:00+00:00,1.9129999876022339,stop,-1352.9872537066226,90.45282539767383,-1.071643848571185,11
XRPUSDT,-1,2019-12-09 00:00:00+00:00,2019-12-10 00:00:00+00:00,0.2243500053882599,0.23199999332427979,113951.28828278961,2019-12-16 00:00:00+00:00,0.2090500295162201,target,1629.6852660367929,113.76669527773915,1.8694925953773212,6
VETUSDT,1,2019-11-26 00:00:00+00:00,2019-11-27 00:00:00+00:00,0.006331999786198139,0.004857605672441423,855517.7945746423,2019-12-17 00:00:00+00:00,0.005034000147134066,max_hold,-1129.9094189629777,19.447630392199798,-0.8957792401690681,20
ONTUSDT,-1,2019-12-09 00:00:00+00:00,2019-12-10 00:00:00+00:00,0.6115000247955322,0.6539000272750854,30147.371043871204,2019-12-17 00:00:00+00:00,0.5267000198364258,target,2475.4327394181078,81.06447460619249,1.9365816053610438,7
BTCUSDT,-1,2019-12-09 00:00:00+00:00,2019-12-10 00:00:00+00:00,7338.64013671875,7650.0,3.4836116315786,2019-12-17 00:00:00+00:00,6715.92041015625,target,2053.98653860373,115.32714406284023,1.8936740730634425,7
LINKUSDT,-1,2019-12-12 00:00:00+00:00,2019-12-13 00:00:00+00:00,2.1036999225616455,2.3041999340057373,6406.364888255927,2019-12-17 00:00:00+00:00,1.702699899673462,target,2514.9856355799375,53.966831240745165,1.9579853407661263,4
XMRUSDT,-1,2019-12-01 00:00:00+00:00,2019-12-02 00:00:00+00:00,53.47999954223633,58.88999938964844,233.37051089065852,2019-12-22 00:00:00+00:00,44.9900016784668,max_hold,1911.4517085252323,69.86343040326264,1.5139798691156883,20
EOSUSDT,-1,2019-12-25 00:00:00+00:00,2019-12-26 00:00:00+00:00,2.480299949645996,2.604099988937378,11026.426558360352,2019-12-26 00:00:00+00:00,2.604099988937378,stop,-1477.1975662007906,112.12552503224292,-1.0821389067028724,0
BATUSDT,-1,2019-12-16 00:00:00+00:00,2019-12-17 00:00:00+00:00,0.17430000007152557,0.19300000369548798,70187.11114021888,2019-12-29 00:00:00+00:00,0.19300000369548798,stop,-1378.1445362631837,65.64530358563871,-1.0500154986389745,12
DASHUSDT,-1,2019-12-30 00:00:00+00:00,2019-12-31 00:00:00+00:00,42.25,45.02000045776367,477.5958333991845,2020-01-04 00:00:00+00:00,45.02000045776367,stop,-1414.2741943312167,91.33351718945329,-1.0690382560363787,4
ADAUSDT,-1,2019-12-30 00:00:00+00:00,2019-12-31 00:00:00+00:00,0.03342999890446663,0.034949999302625656,791469.171699556,2020-01-05 00:00:00+00:00,0.034949999302625656,stop,-1324.5342605424232,121.5008044285025,-1.1009953661812353,5
LTCUSDT,-1,2019-12-31 00:00:00+00:00,2020-01-01 00:00:00+00:00,41.290000915527344,44.18000030517578,461.9500491280738,2020-01-05 00:00:00+00:00,44.18000030517578,stop,-1421.6722449569997,86.63688492880068,-1.0648948241542986,4
ETHUSDT,-1,2019-12-31 00:00:00+00:00,2020-01-01 00:00:00+00:00,129.16000366210938,138.07000732421875,149.83555682536493,2020-01-05 00:00:00+00:00,138.07000732421875,stop,-1423.0054670701047,87.97010704190579,-1.0658934659528776,4
BNBUSDT,-1,2020-01-02 00:00:00+00:00,2020-01-03 00:00:00+00:00,13.01039981842041,14.279813528060913,1071.1845547351086,2020-01-05 00:00:00+00:00,14.279813528060913,stop,-1421.1831780050798,61.406818669175195,-1.0451594986540031,2
BTTUSDT,-1,2019-12-16 00:00:00+00:00,2019-12-17 00:00:00+00:00,0.00028639999800361693,0.0003322021402709652,28655848.12641414,2020-01-06 00:00:00+00:00,0.0002880000101868063,max_hold,-95.03517743873587,49.18547131684834,-0.07240779657056312,20
TRXUSDT,-1,2019-12-24 00:00:00+00:00,2019-12-25 00:00:00+00:00,0.013530000112950802,0.015270000323653221,782501.4554544631,2020-01-14 00:00:00+00:00,0.014639999717473984,max_hold,-934.2641729394376,65.68786684616919,-0.6861755514472698,20
BTCUSDT,1,2020-01-26 00:00:00+00:00,2020-01-27 00:00:00+00:00,8614.3896484375,8238.0,2.890940401571298,2020-01-28 00:00:00+00:00,9367.1689453125,target,2072.272854358585,103.9672284437869,1.9044524275925412,1
ONTUSDT,1,2020-01-26 00:00:00+00:00,2020-01-27 00:00:00+00:00,0.6481999754905701,0.609499990940094,32175.319136192244,2020-01-29 00:00:00+00:00,0.7255999445915222,target,2401.9638052387204,88.40490171583343,1.9290025597663865,2
EOSUSDT,1,2020-01-24 00:00:00+00:00,2020-01-25 00:00:00+00:00,3.634399890899658,3.352400064468384,4414.465017680179,2020-01-30 00:00:00+00:00,4.198399543762207,target,2420.6014993558465,69.15523818963979,1.944448196768158,5
QTUMUSDT,1,2020-01-26 00:00:00+00:00,2020-01-27 00:00:00+00:00,1.937999963760376,1.8029999732971191,9223.58845511312,2020-02-02 00:00:00+00:00,2.2079999446868896,target,2413.8867131736456,76.48199378090851,1.9385777747950925,6
XLMUSDT,1,2020-01-26 00:00:00+00:00,2020-01-27 00:00:00+00:00,0.058410000056028366,0.05488999933004379,353745.48200668016,2020-02-02 00:00:00+00:00,0.06545000150799751,target,2402.738875045325,87.629831909229,1.9296250136258815,6
LINKUSDT,1,2020-01-26 00:00:00+00:00,2020-01-27 00:00:00+00:00,2.5764000415802,2.363800048828125,5856.935070215908,2020-02-07 00:00:00+00:00,3.0016000270843506,target,2425.0287385068978,65.3399684476563,1.9475258677438492,11
BTCUSDT,1,2020-02-18 00:00:00+00:00,2020-02-19 00:00:00+00:00,10164.7802734375,9452.669921875,1.948575638693964,2020-02-19 00:00:00+00:00,9452.669921875,stop,-1464.053054204238,76.45217108775617,-1.0550966578487961,0
LTCUSDT,1,2020-02-18 00:00:00+00:00,2020-02-19 00:00:00+00:00,77.25,67.8499984741211,147.61709126283787,2020-02-19 00:00:00+00:00,67.8499984741211,stop,-1430.4393625504658,42.838479433983935,-1.0308723350894466,0
XRPUSDT,1,2020-02-18 00:00:00+00:00,2020-02-19 00:00:00+00:00,0.29833999276161194,0.2682099938392639,46053.797967024504,2020-02-20 00:00:00+00:00,0.2682099938392639,stop,-1439.7844403587562,52.18355724227436,-1.0376070366322288,1
BNBUSDT,1,2020-02-18 00:00:00+00:00,2020-02-19 00:00:00+00:00,24.061100006103516,21.551000595092773,552.8071426293576,2020-02-20 00:00:00+00:00,21.551000595092773,stop,-1438.0302731218221,50.42939000534025,-1.0363428638731322,1
ENJUSDT,1,2020-02-17 00:00:00+00:00,2020-02-18 00:00:00+00:00,0.13695000112056732,0.10942000150680542,50353.9162033467,2020-02-25 00:00:00+00:00,0.10942000150680542,stop,-1411.054682564168,24.811388934634067,-1.0178982932135034,7
XLMUSDT,1,2020-02-18 00:00:00+00:00,2020-02-19 00:00:00+00:00,0.07601000368595123,0.06622999906539917,141881.4138595115,2020-02-25 00:00:00+00:00,0.06622999906539917,stop,-1427.9633085119667,40.362425395484806,-1.0290879213804136,6
BATUSDT,1,2020-02-18 00:00:00+00:00,2020-02-19 00:00:00+00:00,0.2815000116825104,0.23399999737739563,29212.641373185157,2020-02-25 00:00:00+00:00,0.23399999737739563,stop,-1417.7191169015632,30.11823378508147,-1.0217052570026024,6
TRXUSDT,1,2020-02-23 00:00:00+00:00,2020-02-24 00:00:00+00:00,0.021330000832676888,0.018799999728798866,526342.2433112244,2020-02-25 00:00:00+00:00,0.018799999728798866,stop,-1373.8906856342476,42.24422903921568,-1.031723306760589,1
ONTUSDT,1,2020-02-23 00:00:00+00:00,2020-02-24 00:00:00+00:00,0.8930000066757202,0.7922000288963318,13210.781251455062,2020-02-25 00:00:00+00:00,0.7922000288963318,stop,-1376.172074664805,44.525618069773344,-1.0334365160131342,1
MATICUSDT,1,2020-02-18 00:00:00+00:00,2020-02-19 00:00:00+00:00,0.021539999172091484,0.01858999952673912,470373.2372655046,2020-02-26 00:00:00+00:00,0.01858999952673912,stop,-1425.3530379153406,37.75215479885888,-1.0272067820496549,7
ICXUSDT,1,2020-02-18 00:00:00+00:00,2020-02-19 00:00:00+00:00,0.3824999928474426,0.3089999854564667,18878.921681398988,2020-02-26 00:00:00+00:00,0.3089999854564667,stop,-1413.710430982659,26.10954786617721,-1.01881632404812,7
WAVESUSDT,1,2020-02-18 00:00:00+00:00,2020-02-19 00:00:00+00:00,1.4693000316619873,1.2107000350952148,5365.8194181692215,2020-02-26 00:00:00+00:00,1.2107000350952148,stop,-1416.361675914283,28.760792797801212,-1.0207269922841258,7
LTCUSDT,1,2020-02-22 00:00:00+00:00,2020-02-23 00:00:00+00:00,74.80000305175781,66.0999984741211,150.39037982446828,2020-02-26 00:00:00+00:00,66.0999984741211,stop,-1350.7770023988892,42.38000949349018,-1.0323907879055745,3
XMRUSDT,1,2020-02-23 00:00:00+00:00,2020-02-24 00:00:00+00:00,85.12999725341797,74.97000122070312,131.06761580488566,2020-02-26 00:00:00+00:00,74.97000122070312,stop,-1373.6143067757694,41.96785018073777,-1.031515760037426,2
ALGOUSDT,1,2020-03-02 00:00:00+00:00,2020-03-03 00:00:00+00:00,0.3741999864578247,0.30799999833106995,18032.717236964218,2020-03-08 00:00:00+00:00,0.30799999833106995,stop,-1218.369505829676,24.603838849518855,-1.0206102751403117,5
IOSTUSDT,-1,2020-03-07 00:00:00+00:00,2020-03-08 00:00:00+00:00,0.005381000228226185,0.00585100008174777,2529434.606970446,2020-03-09 00:00:00+00:00,0.004441000521183014,target,2326.812238259654,50.85555127742367,1.9572223239081477,1
LINKUSDT,1,2020-02-27 00:00:00+00:00,2020-02-28 00:00:00+00:00,3.9567999839782715,3.311300039291382,1841.4471897145092,2020-03-12 00:00:00+00:00,3.311300039291382,stop,-1215.4217038293718,26.767644724827726,-1.022519289375912,13
BTCUSDT,-1,2020-03-22 00:00:00+00:00,2020-03-23 00:00:00+00:00,5816.0498046875,6900.0,1.1001426349159158,2020-03-25 00:00:00+00:00,6900.0,stop,-1221.932272844178,29.43244885546268,-1.0246813024735015,2
BTCUSDT,-1,2020-03-27 00:00:00+00:00,2020-03-28 00:00:00+00:00,6359.10986328125,6957.9599609375,1.9569594509436208,2020-04-02 00:00:00+00:00,6957.9599609375,stop,-1230.2245905462016,58.299232239292934,-1.049746540448206,5
BNBUSDT,-1,2020-03-28 00:00:00+00:00,2020-03-29 00:00:00+00:00,12.188799858093262,13.365500450134277,999.4536399124516,2020-04-02 00:00:00+00:00,13.365500450134277,stop,-1232.0059459307809,55.94825612825096,-1.0475727140032094,4
XMRUSDT,-1,2020-03-29 00:00:00+00:00,2020-03-30 00:00:00+00:00,44.040000915527344,51.439998626708984,164.6943155435659,2020-04-02 00:00:00+00:00,51.439998626708984,stop,-1252.5341490127573,33.79659094574281,-1.0277308192580412,3
XLMUSDT,-1,2020-03-27 00:00:00+00:00,2020-03-28 00:00:00+00:00,0.040389999747276306,0.04340000078082085,389343.8391703353,2020-04-05 00:00:00+00:00,0.04340000078082085,stop,-1249.7742699072364,77.8489116003278,-1.066428216650928,8
VETUSDT,-1,2020-03-28 00:00:00+00:00,2020-03-29 00:00:00+00:00,0.0029690000228583813,0.003539999946951866,2059645.965224304,2020-04-06 00:00:00+00:00,0.003539999946951866,stop,-1207.9941480190926,31.936458216562713,-1.0271555200850095,8
XRPUSDT,-1,2020-03-29 00:00:00+00:00,2020-03-30 00:00:00+00:00,0.16279000043869019,0.18724000453948975,49846.108534074214,2020-04-06 00:00:00+00:00,0.18724000453948975,stop,-1259.8029262213206,41.065368154306114,-1.0336950050340927,7
ETCUSDT,-1,2020-04-05 00:00:00+00:00,2020-04-06 00:00:00+00:00,5.02810001373291,5.348400115966797,3427.8082074448207,2020-04-06 00:00:00+00:00,5.348400115966797,stop,-1169.064623901006,71.1373046182738,-1.0647923622710722,0
IOTAUSDT,-1,2020-03-21 00:00:00+00:00,2020-03-22 00:00:00+00:00,0.13850000500679016,0.1679999977350235,40257.10380104459,2020-04-07 00:00:00+00:00,0.1679999977350235,stop,-1221.5206055857234,33.93633619517313,-1.0285759394679326,16
BATUSDT,-1,2020-03-27 00:00:00+00:00,2020-03-28 00:00:00+00:00,0.13930000364780426,0.16590000689029694,44057.33892674097,2020-04-07 00:00:00+00:00,0.16590000689029694,stop,-1205.139746481997,33.21438817508833,-1.0283417266634398,10
DASHUSDT,-1,2020-03-22 00:00:00+00:00,2020-03-23 00:00:00+00:00,62.439998626708984,77.97000122070312,76.78683997450754,2020-04-09 00:00:00+00:00,77.97000122070312,stop,-1222.9520257538986,30.45220176518339,-1.0255364413080799,17
IOSTUSDT,-1,2020-03-22 00:00:00+00:00,2020-03-23 00:00:00+00:00,0.002957999939098954,0.003837999887764454,1355113.5154008982,2020-04-12 00:00:00+00:00,0.0031510000117123127,max_hold,-286.70187123629574,25.164864364578875,-0.24042089186841578,20
VETUSDT,1,2020-05-04 00:00:00+00:00,2020-05-05 00:00:00+00:00,0.004447000101208687,0.004044000059366226,2605428.5077384757,2020-05-10 00:00:00+00:00,0.004044000059366226,stop,-1094.233185391293,44.2453877551477,-1.042138954238095,5
LINKUSDT,1,2020-05-04 00:00:00+00:00,2020-05-05 00:00:00+00:00,3.7495999336242676,3.5032999515533447,4263.0445556987415,2020-05-10 00:00:00+00:00,3.5032999515533447,stop,-1111.8266683732143,61.838870737068895,-1.058894847041354,5
XMRUSDT,1,2020-05-07 00:00:00+00:00,2020-05-08 00:00:00+00:00,64.58999633789062,57.20000076293945,142.26674693569942,2020-05-10 00:00:00+00:00,57.20000076293945,stop,-1086.0039637112036,34.65333339368672,-1.0329607767327074,2
ZECUSDT,1,2020-05-07 00:00:00+00:00,2020-05-08 00:00:00+00:00,44.16999816894531,41.33000183105469,370.1943612710415,2020-05-10 00:00:00+00:00,41.33000183105469,stop,-1114.653866094865,63.3032357773481,-1.0602113452466662,2
MATICUSDT,1,2020-05-12 00:00:00+00:00,2020-05-13 00:00:00+00:00,0.017270000651478767,0.013981280149891973,305869.9029957355,2020-05-26 00:00:00+00:00,0.023847441654652357,target,1986.688065421661,25.153176179218157,1.9749948697152633,13
ADAUSDT,1,2020-05-12 00:00:00+00:00,2020-05-13 00:00:00+00:00,0.05042999982833862,0.043117851950228214,137568.41868744968,2020-05-28 00:00:00+00:00,0.06505429558455944,target,1980.0672577945056,31.773983806373373,1.9684130306613161,15
VETUSDT,1,2020-05-13 00:00:00+00:00,2020-05-14 00:00:00+00:00,0.004459000192582607,0.0037670000456273556,1473928.5148163468,2020-05-30 00:00:00+00:00,0.005843000486493111,target,2009.5486725878015,30.36882512109414,1.9702254378863826,16
ETHUSDT,1,2020-05-13 00:00:00+00:00,2020-05-14 00:00:00+00:00,199.61000061035156,176.0,43.20028473049922,2020-05-30 00:00:00+00:00,246.8300018310547,target,2001.3448272677888,38.572670441107036,1.9621821269885382,16
XMRUSDT,1,2020-05-12 00:00:00+00:00,2020-05-13 00:00:00+00:00,61.540000915527344,53.25,121.34143663558943,2020-06-02 00:00:00+00:00,67.72000122070312,max_hold,718.5209267209513,31.369188717459124,0.7142918753859562,20
XLMUSDT,1,2020-05-12 00:00:00+00:00,2020-05-13 00:00:00+00:00,0.07012999802827835,0.059310633689165115,92974.09619194742,2020-06-02 00:00:00+00:00,0.07574000209569931,max_hold,494.46079495552044,27.12426284609216,0.4915505107769477,20
NEOUSDT,1,2020-05-22 00:00:00+00:00,2020-05-23 00:00:00+00:00,10.380000114440918,9.201000213623047,868.1400453140161,2020-06-02 00:00:00+00:00,12.73799991607666,target,2006.9347314543684,40.139323188125914,1.9607837116619253,10
BTCUSDT,1,2020-05-13 00:00:00+00:00,2020-05-14 00:00:00+00:00,9309.349609375,8176.775390625,0.9005668078690299,2020-06-03 00:00:00+00:00,9518.01953125,max_hold,154.0105979861595,33.91060745508908,0.15099688900078978,20
TRXUSDT,1,2020-05-14 00:00:00+00:00,2020-05-15 00:00:00+00:00,0.015259999781847,0.013162936782464385,488607.7959247586,2020-06-04 00:00:00+00:00,0.016920000314712524,max_hold,779.6424037572717,31.446797840076933,0.7608929884997109,20
ETCUSDT,1,2020-05-15 00:00:00+00:00,2020-05-16 00:00:00+00:00,6.502600193023682,5.599999904632568,1112.5674097718702,2020-06-05 00:00:00+00:00,6.912799835205078,max_hold,426.5236796701844,29.851073720919892,0.4247382225063263,20
THETAUSDT,1,2020-06-04 00:00:00+00:00,2020-06-05 00:00:00+00:00,0.2849099934101105,0.23000000417232513,20524.6987040171,2020-06-11 00:00:00+00:00,0.23000000417232513,stop,-1148.147730066497,21.13674512013133,-1.0187546930797104,6
HBARUSDT,1,2020-06-08 00:00:00+00:00,2020-06-09 00:00:00+00:00,0.044199999421834946,0.041689999401569366,447839.6924916537,2020-06-11 00:00:00+00:00,0.041689999401569366,stop,-1201.0075385521454,76.92990132236378,-1.0684382455218597,2
ICXUSDT,1,2020-06-10 00:00:00+00:00,2020-06-11 00:00:00+00:00,0.36230000853538513,0.3228999972343445,28830.34161548996,2020-06-11 00:00:00+00:00,0.3228999972343445,stop,-1175.424885945721,39.50910048255399,-1.034781716204819,0
ICXUSDT,1,2020-06-13 00:00:00+00:00,2020-06-14 00:00:00+00:00,0.33869999647140503,0.3111000061035156,39914.474200192846,2020-06-15 00:00:00+00:00,0.3111000061035156,stop,-1153.5119543408164,51.872850876123834,-1.0470869731411874,1
OMGUSDT,1,2020-06-13 00:00:00+00:00,2020-06-14 00:00:00+00:00,1.620300054550171,1.4848999977111816,8136.179032588627,2020-06-15 00:00:00+00:00,1.4848999977111816,stop,-1152.1680305790965,50.52892711440384,-1.0458670420789247,1
ZECUSDT,1,2020-06-13 00:00:00+00:00,2020-06-14 00:00:00+00:00,52.810001373291016,48.2400016784668,241.05890088184486,2020-06-15 00:00:00+00:00,48.2400016784668,stop,-1150.3571088042204,48.71800533952762,-1.0442231990370603,1
ZRXUSDT,1,2020-05-26 00:00:00+00:00,2020-05-27 00:00:00+00:00,0.3472999930381775,0.29980000853538513,21514.944086151052,2020-06-16 00:00:00+00:00,0.34439998865127563,max_hold,-92.15720509466676,29.763772860880582,-0.09017696311098702,20
ZECUSDT,1,2020-06-15 00:00:00+00:00,2020-06-16 00:00:00+00:00,52.20000076293945,48.209999084472656,264.600177361044,2020-06-23 00:00:00+00:00,60.18000411987305,target,2052.038765138701,59.47153844765436,1.943669194181394,7
COSUSDT,1,2020-06-04 00:00:00+00:00,2020-06-05 00:00:00+00:00,0.008940000087022781,0.007499999832361937,782646.3789145678,2020-06-25 00:00:00+00:00,0.008580000139772892,max_hold,-309.1765845967294,27.42392947216808,-0.27433324850107216,20
NANOUSDT,1,2020-06-15 00:00:00+00:00,2020-06-16 00:00:00+00:00,1.108199954032898,0.9298999905586243,5921.230331297904,2020-06-27 00:00:00+00:00,0.9298999905586243,stop,-1079.8912702134414,24.1361184202638,-1.0228614734953168,11
EOSUSDT,-1,2020-06-24 00:00:00+00:00,2020-06-25 00:00:00+00:00,2.5016000270843506,2.6050000190734863,8561.44525053024,2020-06-27 00:00:00+00:00,2.294800043106079,target,1684.1312602106777,86.37548042982449,1.902428521228248,2
TFUELUSDT,1,2020-06-12 00:00:00+00:00,2020-06-13 00:00:00+00:00,0.010355000384151936,0.006669048452749848,296806.20664256066,2020-07-03 00:00:00+00:00,0.008559999987483025,max_hold,-543.9954376750864,11.228179017895195,-0.49724750390735467,20
VETUSDT,1,2020-06-30 00:00:00+00:00,2020-07-01 00:00:00+00:00,0.008841999806463718,0.008148999884724617,1575372.5575816908,2020-07-03 00:00:00+00:00,0.010227999649941921,target,2123.3814105946412,60.08470763343841,1.9449639203174829,2
XLMUSDT,-1,2020-07-03 00:00:00+00:00,2020-07-04 00:00:00+00:00,0.06695999950170517,0.07096999883651733,281225.9656897433,2020-07-06 00:00:00+00:00,0.07096999883651733,stop,-1209.095698247318,81.37976289953892,-1.072163352798985,2
EOSUSDT,-1,2020-07-05 00:00:00+00:00,2020-07-06 00:00:00+00:00,2.4072999954223633,2.497499942779541,9331.147198944755,2020-07-06 00:00:00+00:00,2.497499942779541,stop,-933.2038065363674,91.53482040947421,-1.1087539423671648,0
ADAUSDT,1,2020-06-17 00:00:00+00:00,2020-06-18 00:00:00+00:00,0.08349999785423279,0.07171090692281723,90575.10021787438,2020-07-07 00:00:00+00:00,0.1070781797170639,target,2101.072910115476,34.523275065720114,1.9676687237921893,19
BNBUSDT,-1,2020-06-24 00:00:00+00:00,2020-06-25 00:00:00+00:00,16.008399963378906,16.648099899291992,1337.8795956874046,2020-07-07 00:00:00+00:00,16.648099899291992,stop,-968.220112754285,112.37862113362687,-1.1313077505985623,12
LTCUSDT,-1,2020-06-24 00:00:00+00:00,2020-06-25 00:00:00+00:00,42.650001525878906,44.689998626708984,502.16438228289786,2020-07-08 00:00:00+00:00,44.689998626708984,stop,-1139.5506358004054,115.13675180316687,-1.112392806854497,13
RENUSDT,1,2020-07-14 00:00:00+00:00,2020-07-15 00:00:00+00:00,0.18057000637054443,0.16599999368190765,73495.19860609855,2020-07-15 00:00:00+00:00,0.16599999368190765,stop,-1121.768438214277,50.94246196954111,-1.0475730539785655,0
TFUELUSDT,1,2020-07-12 00:00:00+00:00,2020-07-13 00:00:00+00:00,0.0096220001578331,0.008244000375270844,782688.9506757971,2020-07-16 00:00:00+00:00,0.008244000375270844,stop,-1106.5122462651852,27.967042420056714,-1.025930338682469,3
ONGUSDT,1,2020-07-14 00:00:00+00:00,2020-07-15 00:00:00+00:00,0.20350000262260437,0.1800999939441681,45761.776884789375,2020-07-16 00:00:00+00:00,0.1800999939441681,stop,-1105.9344111565251,35.108434911789224,-1.0327863123333172,1
RENUSDT,1,2020-07-17 00:00:00+00:00,2020-07-18 00:00:00+00:00,0.17696000635623932,0.1511099934577942,40433.366783799065,2020-07-24 00:00:00+00:00,0.1511099934577942,stop,-1071.7330021552523,26.529949266483417,-1.025382579196606,6
ADAUSDT,1,2020-07-21 00:00:00+00:00,2020-07-22 00:00:00+00:00,0.12319999933242798,0.11465000361204147,120555.63627855442,2020-07-25 00:00:00+00:00,0.140299990773201,target,1997.967530567071,63.532817933153794,1.9383625445619013,3
ZRXUSDT,1,2020-07-18 00:00:00+00:00,2020-07-19 00:00:00+00:00,0.4185999929904938,0.36649999022483826,20043.5201135206,2020-07-27 00:00:00+00:00,0.36649999022483826,stop,-1075.7397879572977,31.472334609402388,-1.0301381935331824,8
ICXUSDT,1,2020-07-19 00:00:00+00:00,2020-07-20 00:00:00+00:00,0.42250001430511475,0.3668481595814228,18863.123376783115,2020-07-27 00:00:00+00:00,0.3668481595814228,stop,-1079.5469457823317,29.77914398252042,-1.0283673626981744,7
RVNUSDT,1,2020-07-20 00:00:00+00:00,2020-07-21 00:00:00+00:00,0.02068999968469143,0.018769999966025352,533818.0008208285,2020-07-27 00:00:00+00:00,0.018769999966025352,stop,-1067.0593276467505,42.128916251872454,-1.0411041723257457,6
XTZUSDT,1,2020-07-21 00:00:00+00:00,2020-07-22 00:00:00+00:00,3.0213000774383545,2.6500000953674316,2776.0577000330327,2020-07-27 00:00:00+00:00,2.6500000953674316,stop,-1062.2378872779448,31.487713027832342,-1.0305483460633322,5
VETUSDT,1,2020-07-25 00:00:00+00:00,2020-07-26 00:00:00+00:00,0.018216000869870186,0.015879999846220016,451727.95188844117,2020-07-27 00:00:00+00:00,0.015879999846220016,stop,-1086.0411911649255,30.804233142132503,-1.0291917686429886,1
BNBUSDT,1,2020-07-19 00:00:00+00:00,2020-07-20 00:00:00+00:00,18.016599655151367,16.547300338745117,714.4683115809457,2020-08-01 00:00:00+00:00,20.955198287963867,target,2043.8473742482397,55.68822935138263,1.9469518599675986,12
XLMUSDT,1,2020-07-28 00:00:00+00:00,2020-07-29 00:00:00+00:00,0.09708999842405319,0.08799000084400177,110999.01240628726,2020-08-02 00:00:00+00:00,0.08799000084400177,stop,-1051.1781385551328,41.08739426982094,-1.0406769337332085,4
QTUMUSDT,1,2020-07-28 00:00:00+00:00,2020-07-29 00:00:00+00:00,2.374000072479248,2.2019999027252197,5872.6148103795995,2020-08-02 00:00:00+00:00,2.7180004119873047,target,1960.3747736515472,59.806714919076754,1.9407907504771833,4
TOMOUSDT,1,2020-08-01 00:00:00+00:00,2020-08-02 00:00:00+00:00,0.9401999711990356,0.8299999833106995,9630.048631451775,2020-08-02 00:00:00+00:00,0.8299999833106995,stop,-1095.325465848719,34.09422329864494,-1.0321270444476536,0
BANDUSDT,1,2020-07-28 00:00:00+00:00,2020-07-29 00:00:00+00:00,3.880000114440918,2.936800003051758,1070.9188136095893,2020-08-05 00:00:00+00:00,5.766400337219238,target,1999.5204651160338,20.661023454589802,1.9795453788964192,7
FTMUSDT,1,2020-08-03 00:00:00+00:00,2020-08-04 00:00:00+00:00,0.013330000452697277,0.01181000005453825,669542.276373952,2020-08-06 00:00:00+00:00,0.01637000124901533,target,1995.638239850067,39.77081349534982,1.9609210606290837,2
BTTUSDT,1,2020-07-18 00:00:00+00:00,2020-07-19 00:00:00+00:00,0.0003892999957315624,0.00036199999158270657,38251549.25449572,2020-08-08 00:00:00+00:00,0.0004025000089313835,max_hold,444.3458013168017,60.57515375614923,0.4255095760116244,20
KAVAUSDT,1,2020-07-28 00:00:00+00:00,2020-07-29 00:00:00+00:00,2.599600076675415,1.9129999876022339,1471.1485774037694,2020-08-08 00:00:00+00:00,3.9728002548217773,target,2000.8435337750034,19.337954795620313,1.980855230181024,10
ARPAUSDT,1,2020-07-28 00:00:00+00:00,2020-07-29 00:00:00+00:00,0.023409999907016754,0.02027999982237816,322712.689128231,2020-08-08 00:00:00+00:00,0.029670000076293945,target,1985.9223095035425,34.25917906708131,1.9660830680204666,10
CELRUSDT,1,2020-08-03 00:00:00+00:00,2020-08-04 00:00:00+00:00,0.006670000031590462,0.005810000002384186,1183377.3164077487,2020-08-08 00:00:00+00:00,0.008390000090003014,target,1999.7657282874334,35.64332505798331,1.9649767450926883,4
ANKRUSDT,1,2020-08-05 00:00:00+00:00,2020-08-06 00:00:00+00:00,0.00660100020468235,0.0051417440408840775,737671.2512417963,2020-08-08 00:00:00+00:00,0.009519512532278895,target,2129.1193628600836,23.783277602667035,1.9779058493815076,2
DOGEUSDT,1,2020-07-21 00:00:00+00:00,2020-07-22 00:00:00+00:00,0.003297799965366721,0.002916899975389242,2706091.366164269,2020-08-11 00:00:00+00:00,0.003494699951261282,max_hold,496.0671010690202,36.76225075811711,0.4812680254261583,20
FTMUSDT,1,2020-08-12 00:00:00+00:00,2020-08-13 00:00:00+00:00,0.01865999959409237,0.0147299999371171,299440.68318196374,2020-08-15 00:00:00+00:00,0.026519998908042908,target,2326.5461051438365,27.057459235278973,1.9770076323432006,2
QTUMUSDT,1,2020-08-03 00:00:00+00:00,2020-08-04 00:00:00+00:00,2.619999885559082,2.2639999389648438,2858.7210093957347,2020-08-16 00:00:00+00:00,3.3319997787475586,target,2001.3788403688775,34.03021297653951,1.9665617946224547,12
BATUSDT,1,2020-08-08 00:00:00+00:00,2020-08-09 00:00:00+00:00,0.26109999418258667,0.24500000476837158,72821.47960309623,2020-08-16 00:00:00+00:00,0.29329997301101685,target,2264.105649668766,80.74445180589244,1.931130393576022,7
LTCUSDT,1,2020-08-13 00:00:00+00:00,2020-08-14 00:00:00+00:00,57.13999938964844,51.54999923706055,210.3221150153354,2020-08-17 00:00:00+00:00,68.31999969482422,target,2298.627285342129,52.774024714536665,1.955112702805065,3
HOTUSDT,1,2020-07-28 00:00:00+00:00,2020-07-29 00:00:00+00:00,0.0007722000009380281,0.000660100020468235,9010623.731174467,2020-08-18 00:00:00+00:00,0.0008826000266708434,max_hold,964.9515309921358,29.821560798241322,0.9553117246657732,20
ZECUSDT,1,2020-08-13 00:00:00+00:00,2020-08-14 00:00:00+00:00,87.3499984741211,76.19999694824219,105.4439905052531,2020-08-19 00:00:00+00:00,76.19999694824219,stop,-1210.1913833572326,34.49072832889972,-1.0293363180341755,5
ENJUSDT,1,2020-08-16 00:00:00+00:00,2020-08-17 00:00:00+00:00,0.21470999717712402,0.19499999284744263,64011.95939627386,2020-08-19 00:00:00+00:00,0.19499999284744263,stop,-1314.1286753433483,52.45267849140066,-1.041573810251029,2
VETUSDT,1,2020-07-30 00:00:00+00:00,2020-07-31 00:00:00+00:00,0.017316000536084175,0.014188000001013279,320952.03907972306,2020-08-20 00:00:00+00:00,0.01784300059080124,max_hold,146.573035949207,22.568706207360307,0.14599807363937756,20
XMRUSDT,1,2020-08-16 00:00:00+00:00,2020-08-17 00:00:00+00:00,91.22000122070312,84.06999969482422,176.45814372002633,2020-08-21 00:00:00+00:00,105.52000427246094,target,2453.919241374312,69.43275232958302,1.9449678423756758,4
TROYUSDT,1,2020-08-20 00:00:00+00:00,2020-08-21 00:00:00+00:00,0.007967200130224228,0.0070500001311302185,1352079.897771805,2020-08-21 00:00:00+00:00,0.0070500001311302185,stop,-1280.7365901997096,40.60890918838169,-1.0327457485307199,0
TOMOUSDT,1,2020-08-20 00:00:00+00:00,2020-08-21 00:00:00+00:00,1.2451000213623047,1.0504000186920166,6369.428166425885,2020-08-22 00:00:00+00:00,1.0504000186920166,stop,-1269.3697262336354,29.242045222307482,-1.023579866549274,1
RLCUSDT,1,2020-08-20 00:00:00+00:00,2020-08-21 00:00:00+00:00,1.6877000331878662,1.3869999647140503,4124.135013688281,2020-08-22 00:00:00+00:00,1.3869999647140503,stop,-1265.488636847197,25.360955835869156,-1.0204502780029772,1
CELRUSDT,1,2020-08-20 00:00:00+00:00,2020-08-21 00:00:00+00:00,0.012230000458657742,0.009850000031292439,521061.9572804734,2020-08-22 00:00:00+00:00,0.009850000031292439,stop,-1263.1377775554224,23.010096544094505,-1.0185546189286976,1
ICXUSDT,1,2020-08-20 00:00:00+00:00,2020-08-21 00:00:00+00:00,0.5408999919891357,0.4424012675881386,12590.291788578466,2020-08-22 00:00:00+00:00,0.7378974407911301,target,2448.0544963882785,32.20086563437721,1.9740342336297845,1
ENJUSDT,1,2020-08-20 00:00:00+00:00,2020-08-21 00:00:00+00:00,0.20823000371456146,0.19205999374389648,76693.06841870357,2020-08-24 00:00:00+00:00,0.24057002365589142,target,2411.4156596117796,68.83970241087636,1.944489826761437,3
DOGEUSDT,1,2020-08-12 00:00:00+00:00,2020-08-13 00:00:00+00:00,0.0034598999191075563,0.0033164999913424253,6802519.204041608,2020-08-25 00:00:00+00:00,0.0033164999913424253,stop,-1067.6739435306865,92.19318105020366,-1.0945105066098606,12
DASHUSDT,1,2020-08-13 00:00:00+00:00,2020-08-14 00:00:00+00:00,92.80000305175781,84.20999908447266,136.86846473016348,2020-08-25 00:00:00+00:00,84.20999908447266,stop,-1224.1548294968702,48.454174468537644,-1.041213019879937,11
IOTAUSDT,1,2020-08-22 00:00:00+00:00,2020-08-23 00:00:00+00:00,0.4034000039100647,0.3571000099182129,26527.670341079447,2020-08-25 00:00:00+00:00,0.3571000099182129,stop,-1268.5795647322495,40.34858732244582,-1.0328509767825074,2
ATOMUSDT,1,2020-08-22 00:00:00+00:00,2020-08-23 00:00:00+00:00,6.410999774932861,5.300000190734863,1105.5188452626037,2020-08-25 00:00:00+00:00,8.632998943328857,target,2423.199106637318,33.262848182289574,1.9729180839808838,2
XMRUSDT,1,2020-08-22 00:00:00+00:00,2020-08-23 00:00:00+00:00,94.58000183105469,88.66999816894531,207.82237163139564,2020-08-25 00:00:00+00:00,88.66999816894531,stop,-1304.3978766127102,76.1668992029065,-1.0620134979525868,2
TROYUSDT,1,2020-08-24 00:00:00+00:00,2020-08-25 00:00:00+00:00,0.0075194998644292355,0.006590100005269051,1343307.0501482848,2020-08-25 00:00:00+00:00,0.006590100005269051,stop,-1286.3764331761734,37.90704995947405,-1.030362819039908,0
MFTUSDT,1,2020-08-22 00:00:00+00:00,2020-08-23 00:00:00+00:00,0.003037000074982643,0.00266700005158782,3319542.972296441,2020-08-26 00:00:00+00:00,0.0037770001217722893,target,2411.2232218868785,45.23873293272881,1.9631675688329144,3
QTUMUSDT,1,2020-08-26 00:00:00+00:00,2020-08-27 00:00:00+00:00,3.7820000648498535,3.3369998931884766,2728.2335149554547,2020-08-27 00:00:00+00:00,3.3369998931884766,stop,-1252.9089710444725,38.84458855697329,-1.0319954930869355,0
XLMUSDT,1,2020-08-09 00:00:00+00:00,2020-08-10 00:00:00+00:00,0.10508999973535538,0.08893910236656666,72794.71661331318,2020-08-30 00:00:00+00:00,0.0961500033736229,max_hold,-680.0829196715276,29.298417995160676,-0.5784493675258308,20
STXUSDT,1,2020-08-22 00:00:00+00:00,2020-08-23 00:00:00+00:00,0.2856000065803528,0.23080000281333923,22412.972499631982,2020-09-02 00:00:00+00:00,0.23080000281333923,stop,-1251.3790958285047,23.14811841870103,-1.0188467143757582,10
RLCUSDT,1,2020-08-26 00:00:00+00:00,2020-08-27 00:00:00+00:00,1.5861999988555908,1.3452999591827393,5039.701878572663,2020-09-02 00:00:00+00:00,1.3452999591827393,stop,-1243.6121541786222,29.54777169112291,-1.0243378951868949,6
MATICUSDT,1,2020-08-26 00:00:00+00:00,2020-08-27 00:00:00+00:00,0.02735999971628189,0.023320000618696213,300511.0528893508,2020-09-02 00:00:00+00:00,0.023320000618696213,stop,-1244.524183009693,30.459800522193838,-1.0250891146808743,6
ONEUSDT,1,2020-08-27 00:00:00+00:00,2020-08-28 00:00:00+00:00,0.011020000092685223,0.009519999846816063,783404.5024617133,2020-09-02 00:00:00+00:00,0.009519999846816063,stop,-1207.2892031739138,32.182256866337255,-1.0273866620969778,5
ENJUSDT,1,2020-08-28 00:00:00+00:00,2020-08-29 00:00:00+00:00,0.2207300066947937,0.20082999765872955,59576.56589582942,2020-09-02 00:00:00+00:00,0.20082999765872955,stop,-1235.8043944215042,50.230194756827636,-1.0423678203954123,4
FTMUSDT,1,2020-08-30 00:00:00+00:00,2020-08-31 00:00:00+00:00,0.035750001668930054,0.026815546676516533,135031.8768830852,2020-09-02 00:00:00+00:00,0.053618911653757095,target,2388.737148904169,24.13530420192841,1.9799945461925608,2
FETUSDT,1,2020-08-22 00:00:00+00:00,2020-08-23 00:00:00+00:00,0.12913000583648682,0.09624999761581421,37354.94739437381,2020-09-03 00:00:00+00:00,0.09624999761581421,stop,-1245.0690937552126,16.838116345408984,-1.0137092425244953,11
RENUSDT,1,2020-08-26 00:00:00+00:00,2020-08-27 00:00:00+00:00,0.45607998967170715,0.35120001435279846,11575.750078085848,2020-09-03 00:00:00+00:00,0.35120001435279846,stop,-1232.7541256267468,18.689743139247632,-1.0153943591533048,7
THETAUSDT,1,2020-08-28 00:00:00+00:00,2020-08-29 00:00:00+00:00,0.47442999482154846,0.42430999875068665,23654.714537256958,2020-09-03 00:00:00+00:00,0.42430999875068665,stop,-1228.0930756470113,42.51887598233475,-1.0358635300889312,5
BANDUSDT,1,2020-08-26 00:00:00+00:00,2020-08-27 00:00:00+00:00,13.022000312805176,9.658499717712402,360.9526290135865,2020-09-04 00:00:00+00:00,9.658499717712402,stop,-1230.4375547142154,16.373172226716097,-1.0134862470746149,8
ADAUSDT,-1,2020-09-02 00:00:00+00:00,2020-09-03 00:00:00+00:00,0.11490000039339066,0.12812000513076782,89153.4737034926,2020-09-05 00:00:00+00:00,0.08845999091863632,target,2319.210603763338,38.0080856642674,1.9677517526611017,2
TRXUSDT,1,2020-09-07 00:00:00+00:00,2020-09-08 00:00:00+00:00,0.03248000144958496,0.027230000123381615,219117.29223085547,2020-09-16 00:00:00+00:00,0.027230000123381615,stop,-1176.5330625336146,26.166987727537116,-1.0227466615198542,8
WINUSDT,1,2020-09-08 00:00:00+00:00,2020-09-09 00:00:00+00:00,0.00011629999789875001,9.600000339560211e-05,57378098.38552346,2020-09-17 00:00:00+00:00,9.600000339560211e-05,stop,-1189.1378225502338,24.36274072302819,-1.0209162619488819,8
NEOUSDT,1,2020-09-10 00:00:00+00:00,2020-09-11 00:00:00+00:00,18.461999893188477,15.866999626159668,449.75243728983975,2020-09-17 00:00:00+00:00,23.652000427246094,target,2296.333641151702,37.88174857628108,1.967542199624778,6
MATICUSDT,-1,2020-09-16 00:00:00+00:00,2020-09-17 00:00:00+00:00,0.019819999113678932,0.021700000390410423,616942.1629971674,2020-09-18 00:00:00+00:00,0.021700000390410423,stop,-1212.3439604380078,52.491906333845186,-1.045257415502349,1
ONEUSDT,-1,2020-09-13 00:00:00+00:00,2020-09-14 00:00:00+00:00,0.007420000154525042,0.008419999852776527,1160530.635735767,2020-09-20 00:00:00+00:00,0.00542000075802207,target,2286.8608916950134,34.199679399730684,1.9705309893023601,6
IOTXUSDT,1,2020-09-07 00:00:00+00:00,2020-09-08 00:00:00+00:00,0.009184000082314014,0.0074339997954666615,657351.9349979514,2020-09-23 00:00:00+00:00,0.0074339997954666615,stop,-1172.213823556987,21.847748750909695,-1.0189919967472898,15
THETAUSDT,1,2020-09-09 00:00:00+00:00,2020-09-10 00:00:00+00:00,0.47725000977516174,0.3700000047683716,10839.325047959057,2020-09-26 00:00:00+00:00,0.6917500197887421,target,2299.6929887246356,25.3423426030338,1.9782004666668331,16
NEOUSDT,1,2020-09-24 00:00:00+00:00,2020-09-25 00:00:00+00:00,21.82200050354004,18.604000091552734,362.37460537226616,2020-10-01 00:00:00+00:00,18.604000091552734,stop,-1195.420341406541,29.298712024851483,-1.0251249194652075,6
FTMUSDT,1,2020-09-24 00:00:00+00:00,2020-09-25 00:00:00+00:00,0.03968999907374382,0.032099999487400055,153639.2217306339,2020-10-02 00:00:00+00:00,0.032099999487400055,stop,-1188.1811483956444,22.059519013954947,-1.018916996699265,7
XLMUSDT,-1,2020-10-01 00:00:00+00:00,2020-10-02 00:00:00+00:00,0.07314000278711319,0.0763000026345253,317422.1956659892,2020-10-10 00:00:00+00:00,0.0763000026345253,stop,-1116.3674687280522,113.31337885830956,-1.1129683633242795,8
DASHUSDT,-1,2020-10-01 00:00:00+00:00,2020-10-02 00:00:00+00:00,67.93000030517578,71.02999877929688,341.7674101487252,2020-10-11 00:00:00+00:00,71.02999877929688,stop,-1174.8946704305297,115.41622046516349,-1.1089368268594197,9
KAVAUSDT,-1,2020-10-02 00:00:00+00:00,2020-10-03 00:00:00+00:00,2.099400043487549,2.484600067138672,3067.760944593084,2020-10-11 00:00:00+00:00,2.484600067138672,stop,-1214.8705884886099,33.16900007536247,-1.0280688461457521,8
LINKUSDT,-1,2020-09-29 00:00:00+00:00,2020-09-30 00:00:00+00:00,10.135600090026855,11.199000358581543,1093.429429866339,2020-10-12 00:00:00+00:00,11.199000358581543,stop,-1222.1014053414758,59.34825597601203,-1.0510411483369446,12
XTZUSDT,-1,2020-09-30 00:00:00+00:00,2020-10-01 00:00:00+00:00,2.198699951171875,2.3654000759124756,6978.043853160306,2020-10-12 00:00:00+00:00,2.3654000759124756,stop,-1243.36637863726,80.12559787005591,-1.0688813521627136,11
THETAUSDT,1,2020-10-10 00:00:00+00:00,2020-10-11 00:00:00+00:00,0.7660199999809265,0.6587100028991699,10530.270406067202,2020-10-16 00:00:00+00:00,0.6587100028991699,stop,-1160.0088709171077,30.00558437192864,-1.026553537258875,5
BATUSDT,-1,2020-10-01 00:00:00+00:00,2020-10-02 00:00:00+00:00,0.23019999265670776,0.24770000576972961,66332.12251260171,2020-10-22 00:00:00+00:00,0.2152000069618225,max_hold,907.1412388480982,87.83964995230359,0.781470596965615,20
ETCUSDT,-1,2020-10-02 00:00:00+00:00,2020-10-03 00:00:00+00:00,5.181399822235107,5.5960001945495605,2850.218348373762,2020-10-22 00:00:00+00:00,5.5960001945495605,stop,-1271.547168838867,89.84558042561963,-1.076030684317063,19
VETUSDT,-1,2020-10-20 00:00:00+00:00,2020-10-21 00:00:00+00:00,0.01078800018876791,0.011889999732375145,1009889.2015994807,2020-10-22 00:00:00+00:00,0.011889999732375145,stop,-1159.8470871337136,46.949647877210936,-1.0421868594724926,1
ONEUSDT,-1,2020-10-03 00:00:00+00:00,2020-10-04 00:00:00+00:00,0.005410000216215849,0.006099999882280827,1716523.9683045018,2020-10-24 00:00:00+00:00,0.004840000066906214,max_hold,925.7216314358872,52.69728679124635,0.7815947967387497,20
EOSUSDT,-1,2020-10-14 00:00:00+00:00,2020-10-15 00:00:00+00:00,2.606800079345703,2.7188000679016113,8341.394448654088,2020-10-25 00:00:00+00:00,2.7188000679016113,stop,-1044.673311608816,110.43722881924185,-1.1182112646403923,10
DOGEUSDT,-1,2020-10-13 00:00:00+00:00,2020-10-14 00:00:00+00:00,0.002635299926623702,0.002729099942371249,8264970.6033553835,2020-10-26 00:00:00+00:00,0.002729099942371249,stop,-889.8764541551488,114.62208140739963,-1.1478509318188588,12
BATUSDT,-1,2020-10-25 00:00:00+00:00,2020-10-26 00:00:00+00:00,0.21490000188350677,0.22750000655651093,84210.09156810713,2020-10-28 00:00:00+00:00,0.18969999253749847,target,2050.3573605833953,71.73773396111939,1.932389708505012,2
XMRUSDT,1,2020-10-22 00:00:00+00:00,2020-10-23 00:00:00+00:00,127.62000274658203,116.55000305175781,96.12307843306047,2020-11-02 00:00:00+00:00,116.55000305175781,stop,-1111.023194156253,46.940745236709304,-1.0441138234019105,10
WAVESUSDT,1,2020-10-30 00:00:00+00:00,2020-10-31 00:00:00+00:00,3.20770001411438,2.9384000301361084,3962.153454794383,2020-11-07 00:00:00+00:00,3.746299982070923,target,2078.9100935721094,55.10563021905145,1.9483549913857672,7
ONTUSDT,-1,2020-11-07 00:00:00+00:00,2020-11-08 00:00:00+00:00,0.44269999861717224,0.4961000084877014,20250.786251068173,2020-11-14 00:00:00+00:00,0.4961000084877014,stop,-1125.1899789770277,43.79779328401078,-1.04050130365603,6
ONTUSDT,-1,2020-11-15 00:00:00+00:00,2020-11-16 00:00:00+00:00,0.4629000127315521,0.49790000915527344,30496.40825059344,2020-11-17 00:00:00+00:00,0.49790000915527344,stop,-1127.4234386331414,60.049258926026,-1.0562588641056534,1
BTTUSDT,-1,2020-11-07 00:00:00+00:00,2020-11-08 00:00:00+00:00,0.00028539999038912356,0.0003100000030826777,43959009.25597366,2020-11-21 00:00:00+00:00,0.0003100000030826777,stop,-1150.515089952401,69.122904259384,-1.06392029198462,13
ALGOUSDT,-1,2020-11-07 00:00:00+00:00,2020-11-08 00:00:00+00:00,0.2578999996185303,0.29760000109672546,27239.09686217418,2020-11-21 00:00:00+00:00,0.29760000109672546,stop,-1121.262051836423,39.86986614340628,-1.036869016320712,13
BATUSDT,-1,2020-11-07 00:00:00+00:00,2020-11-08 00:00:00+00:00,0.19249999523162842,0.2117999941110611,56030.68644969809,2020-11-21 00:00:00+00:00,0.2117999941110611,stop,-1141.1763667431158,59.78418105009875,-1.0552844581651806,13
IOSTUSDT,-1,2020-11-14 00:00:00+00:00,2020-11-15 00:00:00+00:00,0.004867000039666891,0.005350000225007534,2199330.7276354455,2020-11-21 00:00:00+00:00,0.005350000225007534,stop,-1113.5186970548837,51.24154798159242,-1.0482374566997836,6
CVCUSDT@20190827,1,2020-11-25 00:00:00+00:00,2020-11-26 00:00:00+00:00,0.08868999779224396,0.07400000095367432,68999.42461524319,2020-11-26 00:00:00+00:00,0.07400000095367432,stop,-1036.0523620692927,22.451032608245992,-1.022149766338787,0
ZRXUSDT,1,2020-11-28 00:00:00+00:00,2020-11-29 00:00:00+00:00,0.41589999198913574,0.3652999997138977,19980.41659362595,2020-12-09 00:00:00+00:00,0.3652999997138977,stop,-1042.2263278478383,31.217402554327485,-1.0308774747416445,10
QTUMUSDT,1,2020-11-28 00:00:00+00:00,2020-11-29 00:00:00+00:00,2.688999891281128,2.2950000762939453,2566.013705682579,2020-12-09 00:00:00+00:00,2.2950000762939453,stop,-1036.5869497453493,25.57802445183833,-1.0252995041012252,10
TRXUSDT,1,2020-11-28 00:00:00+00:00,2020-11-29 00:00:00+00:00,0.030460000038146973,0.027149999514222145,305440.7145817333,2020-12-09 00:00:00+00:00,0.027149999514222145,stop,-1046.2018041541687,35.19287886065791,-1.0348096618933813,10
IOTAUSDT,1,2020-11-28 00:00:00+00:00,2020-11-29 00:00:00+00:00,0.3393000066280365,0.2750000059604645,15723.311272116147,2020-12-11 00:00:00+00:00,0.2750000059604645,stop,-1030.3265859182986,19.317660624787738,-1.019107309679961,12
DASHUSDT,1,2020-11-28 00:00:00+00:00,2020-11-29 00:00:00+00:00,108.91999816894531,88.46665573120117,49.430010198617595,2020-12-11 00:00:00+00:00,88.46665573120117,stop,-1030.5225739242214,19.513648630710485,-1.0193011635629678,12
VETUSDT,1,2020-12-09 00:00:00+00:00,2020-12-10 00:00:00+00:00,0.01677500084042549,0.015061999671161175,558494.2785924927,2020-12-11 00:00:00+00:00,0.015061999671161175,stop,-992.2629175229057,35.56156526653483,-1.0371710201753799,1
BTCUSDT,1,2020-12-12 00:00:00+00:00,2020-12-13 00:00:00+00:00,18808.689453125,17572.330078125,0.7519931867173288,2020-12-16 00:00:00+00:00,21281.408203125,target,1799.1726920835251,60.29496058466471,1.9351481479141126,3
ETHUSDT,1,2020-11-28 00:00:00+00:00,2020-11-29 00:00:00+00:00,537.5,481.0,17.893963279531167,2020-12-17 00:00:00+00:00,650.5,target,1979.5017938348558,42.51605675216605,1.9579469026548673,18
ADAUSDT,1,2020-11-27 00:00:00+00:00,2020-11-28 00:00:00+00:00,0.14178000390529633,0.11230000108480453,34031.23167759649,2020-12-18 00:00:00+00:00,0.16338999569416046,max_hold,714.6440152029509,20.77062191484228,0.7123354742377498,20
ZILUSDT,1,2020-12-10 00:00:00+00:00,2020-12-11 00:00:00+00:00,0.032680001109838486,0.02850000001490116,223485.1359899961,2020-12-18 00:00:00+00:00,0.041040003299713135,target,1835.3855758594977,32.950650421303514,1.9647272798570132,7
DOGEUSDT,1,2020-11-28 00:00:00+00:00,2020-11-29 00:00:00+00:00,0.0033946000039577484,0.0029394999146461487,2221508.9582223515,2020-12-19 00:00:00+00:00,0.0038646000903099775,max_hold,1011.8566461188673,32.252756077888584,1.000838489952114,20
ETCUSDT,1,2020-11-28 00:00:00+00:00,2020-11-29 00:00:00+00:00,6.3256001472473145,5.587600231170654,1369.9309488654358,2020-12-19 00:00:00+00:00,6.3933000564575195,max_hold,57.8961708132678,34.848030049172294,0.05726573659719145,20
MATICUSDT,1,2020-11-29 00:00:00+00:00,2020-11-30 00:00:00+00:00,0.018880000337958336,0.015589999966323376,310407.3267690018,2020-12-20 00:00:00+00:00,0.01988999918103218,max_hold,289.44205709928605,24.06898381905066,0.2834221090292704,20
XLMUSDT,1,2020-12-09 00:00:00+00:00,2020-12-10 00:00:00+00:00,0.17201000452041626,0.13921000063419342,29167.720698295998,2020-12-23 00:00:00+00:00,0.13921000063419342,stop,-974.8565086285148,18.155156372143793,-1.018976827334178,13
CVCUSDT@20190827,1,2020-12-12 00:00:00+00:00,2020-12-13 00:00:00+00:00,0.09734000265598297,0.08597999811172485,81842.73366369614,2020-12-23 00:00:00+00:00,0.08597999811172485,stop,-959.7406463302151,30.006819996120168,-1.0322746351118963,10
BTTUSDT,1,2020-12-16 00:00:00+00:00,2020-12-17 00:00:00+00:00,0.0003404000017326325,0.00030509999487549067,28650373.818278622,2020-12-23 00:00:00+00:00,0.00030509999487549067,stop,-1048.3460246499533,36.98763240504062,-1.0365722306638887,6
ETHUSDT,1,2020-12-22 00:00:00+00:00,2020-12-23 00:00:00+00:00,636.4099731445312,588.0,20.81050386466647,2020-12-23 00:00:00+00:00,588.0,stop,-1058.3971101687885,50.961176956120866,-1.0505850300511002,0
BNTUSDT,1,2020-12-22 00:00:00+00:00,2020-12-23 00:00:00+00:00,1.3518999814987183,1.197100043296814,6507.986662750969,2020-12-23 00:00:00+00:00,1.197100043296814,stop,-1040.6136495421097,33.17771632944243,-1.032932830005021,0
TFUELUSDT,1,2020-12-22 00:00:00+00:00,2020-12-23 00:00:00+00:00,0.017179999500513077,0.014558999799191952,384370.86914007104,2020-12-25 00:00:00+00:00,0.022421998903155327,target,1984.4281573331314,30.443709092203463,1.9697809973929359,2
STXUSDT,1,2020-12-25 00:00:00+00:00,2020-12-26 00:00:00+00:00,0.3027999997138977,0.24350183829665184,16634.531956955765,2020-12-27 00:00:00+00:00,0.42139632254838943,target,1948.7009884362317,24.093333731563703,1.975574408887097,1
COTIUSDT,1,2020-12-12 00:00:00+00:00,2020-12-13 00:00:00+00:00,0.04927000030875206,0.03909999877214432,91419.24148068641,2020-12-31 00:00:00+00:00,0.0473800003528595,end,-190.45370186541362,17.671339499184736,-0.20484755579601238,19
XMRUSDT,1,2020-12-22 00:00:00+00:00,2020-12-23 00:00:00+00:00,156.57000732421875,142.63999938964844,72.32127490125102,2020-12-31 00:00:00+00:00,156.22000122070312,end,-70.55563201815313,45.2427443886839,-0.0700348574952597,9
DOGEUSDT,1,2020-12-24 00:00:00+00:00,2020-12-25 00:00:00+00:00,0.00457530003041029,0.0036311838775873184,1032118.8403151971,2020-12-31 00:00:00+00:00,0.004670899827033281,end,79.58399707651635,19.086354148374397,0.08167151539304573,7
BCHUSDT,1,2020-12-25 00:00:00+00:00,2020-12-26 00:00:00+00:00,319.2900085449219,266.1600036621094,18.565726904403057,2020-12-31 00:00:00+00:00,342.1499938964844,end,399.852016177814,24.560228897949678,0.4053661465716695,6
BNTUSDT,1,2020-12-26 00:00:00+00:00,2020-12-27 00:00:00+00:00,1.2769999504089355,1.092900037765503,5415.846378988724,2020-12-31 00:00:00+00:00,1.2627999782562256,end,-104.415200259029,27.510332494034067,-0.10472341748136098,5
XTZUSDT,-1,2020-12-29 00:00:00+00:00,2020-12-30 00:00:00+00:00,2.0429000854492188,2.2392001152038574,5185.483633942897,2020-12-31 00:00:00+00:00,2.010699987411499,end,122.85928984996058,44.11379153599184,0.12069752575478962,2
