asset,name,sharpe,cagr,maxdd,sortino,trades_per_yr,exp_r,profit_factor,win_rate,exposure,trades,sharpe_min,sharpe_max,mc_p,sh_lo,sh_hi
stocks,naive breakout,-0.038552264153351015,-0.018411747136210965,-0.26864452080595136,-0.05430986986823445,214.96344599559148,-0.04430492273495536,0.9782824113877646,0.3645926560665207,0.7528808078221829,801.0,-0.48986081204587734,0.20615701443265042,,,
stocks,ALL LAYERS breakout,0.5029397323074954,0.04966062808966254,-0.13661541671900967,0.7509730972436413,46.159441587068336,0.0685965565397444,1.2711550642019007,0.3488372093023256,0.2822686207518135,172.0,0.5029397323074954,0.5029397323074954,,,
stocks,PICKED breakout,0.35630056113511044,0.046835217098434634,-0.1935334268640948,0.5216258839940318,77.55859662013226,0.09518598199570186,1.1432970751463842,0.2773851590106007,0.6560733594966034,289.0,-0.3363777932747888,0.6256769306541855,0.5334665334665335,-1.0266636505887037,1.0137519888794124
stocks,naive pullback,0.17606844039541364,0.015099660512081226,-0.1968526573501646,0.24113837075354547,131.90328802351212,0.023763452396246748,1.026025519898933,0.39885470944534085,0.772953960526106,491.5,-0.1332258970081372,0.8243657839112412,,,
stocks,ALL LAYERS pullback,0.42860888948655657,0.04243459009964323,-0.13850767207180936,0.6203148158772529,43.74412196914034,0.19369750944301653,1.200318435568266,0.3987730061349693,0.35876998501184443,163.0,0.42860888948655657,0.42860888948655657,,,
stocks,PICKED pullback,0.256984434575448,0.02990765827763142,-0.19732261483002494,0.3587353500345417,90.57448567229977,0.06291812716500084,1.0665545238300966,0.3634270183349938,0.8161732416756099,337.5,-0.04225899849770834,1.1131496495953692,0.9050949050949051,-0.734290688598183,1.0877189399055254
stocks,naive rsi2,0.25110039729669253,0.026424716621020083,-0.2026768969769191,0.35184919283859883,345.1223365172667,0.010826546710877053,1.0376922791347343,0.6342596120870327,0.7646827803187841,1286.0,-0.0017727174143209448,0.9298503467915198,,,
stocks,ALL LAYERS rsi2,0.6394182688068957,0.04313313993528589,-0.15534178596244386,0.9557337814081129,123.44966936076415,0.044663929325624435,1.251309772781825,0.6695652173913044,0.19914076965646796,460.0,0.6394182688068957,0.6394182688068957,,,
stocks,PICKED rsi2,0.5624359809031099,0.07092712779416765,-0.14908556877911194,0.8197164857745503,239.3850110213079,0.03182346721076362,1.160360430454765,0.6434977578475336,0.4699807618586528,892.0,0.5624359809031099,0.5624359809031099,0.13386613386613386,-0.3678710232961454,1.548158750352549
forex,naive breakout,-1.2520443762563342,-0.2645865193132857,-0.7104786981893785,-1.6693900406571665,177.39180749448934,-0.17555402396084552,0.7260796321705218,0.31270955165692005,4.076650599461573,661.0,-1.6881182652339866,-0.8510353428514079,,,
forex,ALL LAYERS breakout,-1.1222499629451559,-0.09369865567857749,-0.3293743712871374,-1.4505441748012986,42.670646583394564,-0.4191242933039199,0.5400733838299725,0.25157232704402516,0.8138725138497818,159.0,-1.1222499629451559,-1.1222499629451559,,,
forex,naive pullback,-0.3715361218207348,-0.06258490563302427,-0.23910947084497458,-0.5206239641376647,64.14015429831007,-0.0928528630236942,0.8366512001715403,0.3514644351464435,1.9870952533649275,239.0,-0.537125083177575,-0.3327222548104638,,,
forex,ALL LAYERS pullback,-0.3163219148961034,-0.015588914495732076,-0.10947172606927935,-0.4261247989050773,6.709221160911095,-0.21174023883640777,0.6637887487509225,0.32,0.34973777840595954,25.0,-0.3163219148961034,-0.3163219148961034,,,
forex,naive rsi2,-0.1235003523954401,-0.0282218641376078,-0.3825574390561391,-0.1756029142322062,267.5637398971345,-0.0065262333912047155,0.9477913504931695,0.6428577934992181,2.6551116604926994,997.0,-0.24031621513275273,-0.06660202478428488,,,
forex,ALL LAYERS rsi2,0.22386198471092886,0.009071760776853788,-0.08160933959868688,0.3490062154679964,39.71858927259368,0.025021273439122884,1.1249064021251924,0.6148648648648649,0.38031935226477803,148.0,0.22386198471092886,0.22386198471092886,,,
crypto,naive breakout,-0.45746170484230875,-0.28379991669593513,-0.8707602795824689,-0.649577535994172,520.6755319148936,-0.044688947420960023,0.8980675898990793,0.3625108055218205,0.698745343620083,1943.0,-0.8878745712698294,-0.24199416702955157,,,
crypto,ALL LAYERS breakout,-0.04603714385572749,-0.016037392798547878,-0.22627671330060994,-0.06287646939606957,57.34666177549523,0.11618887780602713,0.940431565961527,0.32710280373831774,0.0753393406967628,214.0,-0.04603714385572749,-0.04603714385572749,,,
crypto,PICKED breakout,0.10645082663382596,-0.04539005118593448,-0.6954054361014063,0.16113482075383195,270.3868305209097,0.024174166115915736,0.9719641354300028,0.3404155081865925,0.6494717828546198,1009.0,-0.516751297005691,0.5465345501957228,0.7252747252747253,-0.7139099750802188,1.4836792049814924
crypto,naive pullback,0.1639486603339368,-0.005227975644833516,-0.5118594375828733,0.23918330163127222,333.36096845194425,0.018292742980844025,0.9971677690883416,0.3973137577348387,0.603610335345109,1244.0,-0.08636802405884923,0.432589765330551,,,
crypto,ALL LAYERS pullback,-0.6140330489300556,-0.08790171433220806,-0.4471642487758488,-0.8430455082610351,86.82391782831988,-0.14360401603735917,0.6973590220210137,0.27469135802469136,0.11583185020847989,324.0,-0.6140330489300556,-0.6140330489300556,,,
crypto,PICKED pullback,-0.6128032367794433,-0.17541458133330878,-0.53764915419412,-0.9141099599795525,195.08584005869406,-0.070470329884376,0.7510932722382146,0.46153846153846156,0.2462210057860769,728.0,-0.6128032367794433,-0.6128032367794433,0.6503496503496503,-1.7954015140576687,0.5216204808478733
crypto,naive rsi2,-0.8080260655449165,-0.17482184927271105,-0.541900928711824,-1.0900309105428605,612.3230007336757,-0.02761305825609143,0.826615782032987,0.629686954856099,0.32397422142547805,2285.0,-1.0664451492889835,-0.5495133070421806,,,
crypto,ALL LAYERS rsi2,-0.4447167126443903,-0.033327179697125064,-0.15677935330415504,-0.6308858736454805,130.5038517975055,-0.022967342340497285,0.8246732115750555,0.5852156057494866,0.04573819877954275,487.0,-0.4447167126443903,-0.4447167126443903,,,
crypto,PICKED rsi2,-0.6037806659796567,-0.12245374096750272,-0.47086205201529485,-0.7938044884853183,436.39737710931763,-0.02572635890045806,0.8303064080251779,0.6153844406002236,0.23561729262391712,1628.5,-0.7347701820155189,-0.3296123030918357,0.029970029970029972,-1.461546987542425,0.488437292397321
