asset,setup,layer,d_sharpe,verdict,sharpe,cagr,maxdd,sortino,trades_per_yr,exp_r,profit_factor,win_rate,exposure,trades,sharpe_min,sharpe_max
stocks,breakout,naive,0.0,,-0.22002994896797168,-0.049784887085813634,-0.8655340951980534,-0.3077156563876645,210.15479842243644,-0.03473934063753148,0.9365767849086017,0.36977503269143913,0.7439785743292329,5252.0,-0.4186531013260752,0.00023412911074055377
stocks,breakout,regime,0.20163373861831652,+,-0.018396210349655166,-0.009293861506883938,-0.44116740617427824,-0.025828961628937455,145.8319045793164,-0.031218203570072954,0.9819820592496767,0.374323051548349,0.5226370317581954,3644.5,-0.19670775262762893,0.10947293914190728
stocks,breakout,vol,0.11137860837208896,+,-0.10865134059588272,-0.0290551739815319,-0.7313501246786918,-0.1541362165336077,191.36811185363717,-0.032712009390988984,0.9559394073915796,0.3711435366958623,0.6763020640839883,4782.5,-0.2750869078185686,0.1645945391700874
stocks,breakout,chop,-0.10342878488065638,-,-0.32345873384862805,-0.06406419336113495,-0.8959810137639675,-0.4485057476028423,207.8539795135846,-0.05959547287977146,0.9158825957357566,0.3621168249659975,0.7166431658262243,5194.5,-0.4612425124821917,-0.17987569328907194
stocks,breakout,rs,-0.18439926742278617,-,-0.40442921639075785,-0.08161166894119115,-0.928328222147999,-0.5545137964051821,205.0929968229623,-0.05777773913130069,0.8913494892996814,0.3586417985772101,0.7139026857173773,5125.5,-0.6624011532596152,-0.2322684850055796
stocks,breakout,volume,0.195540085424238,+,-0.024489863543733663,-0.018670207840638664,-0.7387197466895091,-0.0343127670909151,177.68324112620508,-0.003971443981043773,0.9763820096143835,0.3821110094880972,0.7453060514203544,4440.5,-0.22334638427994957,0.19002733621104267
stocks,breakout,event,0.12117763150657662,+,-0.09885231746139506,-0.02945876832005262,-0.8360368939003936,-0.1383134547521349,208.87434268185802,-0.0218841121848709,0.9617838391104837,0.375734778172945,0.7398380310558369,5220.0,-0.2979054322173287,0.014172326557167663
stocks,breakout,score rank only,-0.17542878429217534,-,-0.395458733260147,-0.07904844848765691,-0.9300528402525947,-0.537745502337285,232.3226884312007,-0.06360967912267554,0.906639005294262,0.3580778504994833,0.7220578574988412,5806.0,-0.395458733260147,-0.395458733260147
stocks,breakout,score top 20%,-0.20411789114204154,-,-0.4241478401100132,-0.07325203525898827,-0.8981983511176567,-0.578454840436395,205.99331726555653,-0.06692805318617723,0.9071581068833628,0.35586635586635584,0.6318304746818262,5148.0,-0.4241478401100132,-0.4241478401100132
stocks,breakout,risk 0.25%,0.06065406976265747,~,-0.1593758792053142,-0.02285256900366006,-0.7010296135234724,-0.21988232343374814,380.6954973707274,-0.019255537340765343,0.9655981431404079,0.3746639431353033,0.682034803897162,9514.0,-0.3175813747217199,0.028889309603889125
stocks,breakout,risk 0.5%,0.1615784868240004,+,-0.05845146214397129,-0.019072405071258014,-0.7391030580615563,-0.08133332851747493,264.7942457274321,-0.010831963646969473,0.97478921088629,0.3754298747381819,0.755805099732237,6617.5,-0.36047701320978154,0.07443914145667044
stocks,breakout,risk 2%,0.0004581141362254293,~,-0.21957183483174625,-0.04779483103578924,-0.8797157550712844,-0.3082367318195756,192.76861031989483,-0.03038701920386009,0.9358372225208325,0.37165296463153485,0.6915500993031627,4817.5,-0.3523088583199686,-0.06852230438529137
stocks,breakout,ATR sizing,0.03772055746805886,~,-0.18230939149991282,-0.0388530423855899,-0.8407881962883882,-0.25337918855251773,253.53023663453112,-0.038389734275519186,0.948251981173046,0.3667951371322571,0.7512009013325232,6336.0,-0.3683368199497428,-0.010761526217980441
stocks,breakout,heat cap 4%,-0.006333929526738752,~,-0.22636387849471043,-0.04217068787734646,-0.8434521979119761,-0.31523112059963854,208.9143569237511,-0.047826678735050615,0.9368286553838154,0.36841929346066915,0.7102550408485806,5221.0,-0.37700282202002233,0.1235125857925534
stocks,breakout,heat cap 6%,-0.009047234593439035,~,-0.2290771835614107,-0.048386132199683685,-0.8592731889724332,-0.3183423941925251,208.63425723049957,-0.038145723264020166,0.9376964936722456,0.36885623335657847,0.7382157663086402,5214.0,-0.38118035557278385,-0.04556872257600511
stocks,breakout,heat cap 8%,0.0072524830493136405,~,-0.21277746591865804,-0.047626505187514656,-0.8769676860708182,-0.29710685271097464,209.47455631025417,-0.03330115053300724,0.9324307808395977,0.36951792002243566,0.7433214405021511,5235.0,-0.4720120342729739,0.08024559805921638
stocks,breakout,max 5 positions,0.06430104758662211,~,-0.15572890138134957,-0.03607289979111716,-0.8250874570426454,-0.21788465056912604,206.71357361963192,-0.032133592033243695,0.9488597693156829,0.3725899512614679,0.7329748306710024,5166.0,-0.4157914494445458,0.10311532681459178
stocks,breakout,halve risk in 10% DD,0.19867997117127784,+,-0.021349977796693842,-0.014049991047787314,-0.721318915406762,-0.02991717290710131,256.5112976555653,-0.005365711980178996,0.9792329128786779,0.3781255169368003,0.7546867116739973,6410.5,-0.2858457539553876,0.0371569923675887
stocks,breakout,partial 3d + BE + 10MA,-0.22170765137497983,-,-0.4417376003429515,-0.0831557351127889,-0.9393939767462646,-0.6218083552430881,218.1576468010517,-0.04129910816180249,0.8762842611799703,0.42240498615349503,0.7136399484996944,5452.0,-0.5609322996638688,-0.05503552755577365
stocks,breakout,partial 2R + BE + 20MA,0.22076508910605225,+,0.0007351401380805743,-0.014699698511594084,-0.7983606054966643,0.0010280429050385379,127.70545300175286,0.02393350248439731,0.967133432202621,0.36393468857197275,0.7966724214042498,3191.5,-0.038486840495210256,0.22913699787433764
stocks,breakout,ATR trail 2.5,0.41624458322232044,+,0.19621463425434876,0.019402873874420634,-0.7323948911943909,0.2860092472765121,97.67476446099911,0.10375439845119985,1.0523245546508895,0.27351845821551346,0.830727839670139,2441.0,-0.09084556283622469,0.3590875731281812
stocks,breakout,time stop 5d,-0.2379250102455417,-,-0.45795495921351337,-0.08194343033337836,-0.9163448248111863,-0.6342633242083702,287.2822496713409,-0.055812514955386416,0.9099059179962508,0.39174751536456853,0.6670840168402232,7179.5,-0.6947494357578566,-0.30293359576862944
stocks,pullback,naive,0.0,,0.4811144759911269,0.06314632437808887,-0.4702839274984881,0.696613885422966,127.78548148553901,0.0775823185252276,1.1140689702783488,0.42346790039239013,0.7385149760846762,3193.5,0.3162434449468976,0.6615511640725049
stocks,pullback,regime,-0.1113634913187791,-,0.3697509846723478,0.036962191190765825,-0.33114932155999877,0.5201330379112238,90.4722009202454,0.06338329817748453,1.0870242481953127,0.42088995330551865,0.539588997599245,2261.0,0.08666938358191639,0.47302873265538325
stocks,pullback,vol,-0.10444977205583683,-,0.37666470393529006,0.044293528239429,-0.4063812665110199,0.5437740257119399,118.30210615687992,0.059062488610495165,1.0910859229026695,0.4169223799339862,0.6766503350205011,2956.5,0.279006048212503,0.46850646713717764
stocks,pullback,rs,-0.15199232596291684,-,0.32912215002821005,0.040456311058030714,-0.4978390072585544,0.46509077507926977,116.58149375547765,0.051787900083738805,1.0612033862144385,0.41390659968707644,0.6753675289981927,2913.5,0.2934020636087389,0.3840382949971448
stocks,pullback,volume,-0.10324974019497479,-,0.3778647357961521,0.044664229095003005,-0.45359809282434976,0.5463019117153862,122.46358731375986,0.06219677991898342,1.0934451019120432,0.41194839587535786,0.6647622815223202,3060.5,0.298504184988649,0.4888062052087094
stocks,pullback,event,-0.1225156225618752,-,0.3585988534292517,0.04339698334042097,-0.530279085191966,0.5150226463837668,126.06486908413672,0.06377500402138235,1.0782476772801806,0.4186705227442045,0.7293136137184828,3150.5,0.18195888277596764,0.5429143616034239
stocks,pullback,score rank only,0.042408256160380686,~,0.5235227321515076,0.07213483787951347,-0.5142513226230445,0.7542741829009331,130.8865852322524,0.0796009198867052,1.1039796013821086,0.4212778966676857,0.7333287680267149,3271.0,0.5133587590857097,0.5235227321515076
stocks,pullback,score top 20%,-0.058881163405023196,~,0.4222333125861037,0.05025110881080119,-0.4353392695263347,0.6068958540271033,95.31392418930763,0.08448354670397404,1.0999265152204571,0.4164567590260285,0.5237078944903355,2382.0,0.42161958240638414,0.42284704276582324
stocks,pullback,risk 0.25%,-0.02243095894216396,~,0.45868351704896293,0.03689685574748658,-0.29945203232876055,0.6462548213249962,232.34269555214723,0.06892836270192004,1.102009267029536,0.4177134196912678,0.5577636657101412,5806.5,0.35728858469416036,0.5428734945986997
stocks,pullback,risk 0.5%,-0.08021895990203398,~,0.4008955160890929,0.04371874661203845,-0.4468211044648527,0.5643054781377439,174.48210177475897,0.06627954110588334,1.0811379870531888,0.41780044977506536,0.7143549018070903,4360.5,0.3022462478152872,0.46310734203498655
stocks,pullback,risk 2%,-0.012090559200800821,~,0.46902391679032607,0.06275449116079013,-0.5162448018027459,0.6814287144142153,113.38035440403155,0.07799166051126594,1.1140311685912103,0.41995364151836256,0.7028616102910004,2833.5,0.356466075714242,0.6119773423380517
stocks,pullback,ATR sizing,-0.058675143309759425,~,0.42243933268136746,0.05192326454751506,-0.522358656781916,0.6009590020960695,141.33030236634534,0.06837922239448616,1.0849069886964626,0.4206535290426686,0.7362146652807524,3532.0,0.30146577734590924,0.6180495172755863
stocks,pullback,heat cap 4%,-0.1243592015747429,-,0.356755274416384,0.03841484808740603,-0.4273412891367097,0.5153346300895828,120.08273992112183,0.05926441312612418,1.083116351783942,0.41167705424938167,0.6757897036102851,3001.0,0.19170867057653526,0.595764409037178
stocks,pullback,heat cap 6%,-0.09992071593379498,~,0.3811937600573319,0.046264340019093964,-0.4941083181891941,0.5517356879582906,126.0048477212971,0.06740142196151251,1.0764093345464456,0.4173120194406247,0.7252963430497905,3149.0,0.3000228194909198,0.4525724638313236
stocks,pullback,heat cap 8%,-0.07682855646458653,~,0.40428591952654036,0.050455248323163726,-0.5133583477487693,0.5800274123140134,127.86550996932516,0.07016553221376266,1.0834265343620784,0.41847447485569667,0.7362581360775304,3195.5,0.24413266367625044,0.6119231572333412
stocks,pullback,max 5 positions,-0.05179037625751759,~,0.4293240997336093,0.05209313785333969,-0.4432956447478705,0.6130953503472997,122.68366564417178,0.07513049879492258,1.0939884386670227,0.42137757586289365,0.7168222247650784,3066.0,0.3418804303043551,0.5910946759622251
stocks,pullback,halve risk in 10% DD,-0.04051495543135358,~,0.4405995205597733,0.05133204780332801,-0.4644369869950243,0.6263144727897155,156.13557186678352,0.07056538373757128,1.0995531784375963,0.41928310117337597,0.7179677502799817,3902.0,0.2131940320161269,0.5786878478178356
stocks,pullback,partial 3d + BE + 10MA,-0.2564244761852643,-,0.22468999980586257,0.021908890500070055,-0.6156080504838788,0.32782813598134986,169.12019336108676,0.030572705541659063,1.0335156392074891,0.5042606948934434,0.6630592956128132,4226.5,0.06801341988250065,0.35647016405494864
stocks,pullback,partial 2R + BE + 20MA,0.12591410319960994,+,0.6070285791907368,0.08926719559274299,-0.5277592205569133,0.8844251699785423,82.34930981595092,0.19062871660268116,1.2271269261476234,0.3888454977181822,0.7940769636109546,2058.0,0.47790947733623246,0.7373332207109837
stocks,pullback,ATR trail 2.5,-0.06945115620038339,~,0.4116633197907435,0.05651044028904362,-0.5396878066684656,0.6036617004877511,79.18818470639789,0.15682736062473124,1.162373933002063,0.3314166420292391,0.8039735923963194,1979.0,0.3115077189309425,0.6517482029293663
stocks,pullback,time stop 5d,-0.27845370065750474,-,0.20266077533362215,0.018696611343485547,-0.629137112844353,0.28927996409319107,198.35059706397897,0.016279344939206967,1.0226388754620204,0.43770807475361556,0.6306337393629374,4957.0,-0.00496779931280083,0.3324811941678858
stocks,rsi2,naive,0.0,,0.6253249194364928,0.08358587623865577,-0.32870170788309416,0.8980740599041015,330.73771636722176,0.026303867643304054,1.1025305926719806,0.6538926366299169,0.7202666256835348,8265.5,0.4884533375874581,0.7704718105800479
stocks,rsi2,regime,0.010309605181357706,~,0.6356345246178505,0.06276438289362984,-0.23015922042858333,0.9144137818090525,218.2576824057844,0.02991317960409304,1.1165336874933565,0.6450691262377766,0.5133532326167473,5454.5,0.4854952921832754,0.8461848868583509
stocks,rsi2,vol,-0.10064792414134904,-,0.5246769952951438,0.06325825848975453,-0.3032506701004913,0.7504601186446676,294.9249698729185,0.02339924393732073,1.0843506069013866,0.6460081539738403,0.658547661022902,7370.5,0.35535453581501136,0.5825957383651336
stocks,rsi2,rs,0.27370007496381954,+,0.8990249944003124,0.12254204589970619,-0.2942132200467876,1.297219482964098,265.63454480718667,0.04660902576252966,1.2073713585685628,0.6710026311336947,0.513859180865738,6638.5,0.7956929949725835,0.9615753906546113
stocks,rsi2,event,-0.0007013920584199029,~,0.6246235273780729,0.08245054929104056,-0.33276195780602275,0.8922952250023549,325.6959218886941,0.026740322314004795,1.1055459626647317,0.6514481041383882,0.7152452113051755,8139.5,0.5585171624281606,0.66404048132906
stocks,rsi2,score rank only,0.21458267948761578,+,0.8399075989241086,0.1251694024860286,-0.2623206534173226,1.2144808806505942,346.28324934268187,0.036951843777919685,1.151738930964086,0.652761728680379,0.7119132690716998,8654.0,0.8399075989241086,0.8399075989241086
stocks,rsi2,score top 20%,0.2753290085410195,+,0.9006539279775123,0.11997324895268902,-0.2207599497680366,1.302418327707316,246.48773006134968,0.049270054289235005,1.2060444088802138,0.6633116883116883,0.4943290884650318,6160.0,0.9006539279775123,0.9006539279775123
stocks,rsi2,risk 0.25%,-0.24674880556257162,-,0.3785761138739212,0.016318764411016096,-0.11284959395850946,0.5274892348326792,430.55324276950046,0.015949027826340383,1.0739868997124749,0.6443959375704269,0.28153363898920036,10760.0,0.28885892127301255,0.5096683648828969
stocks,rsi2,risk 0.5%,-0.20203673244103704,-,0.4232881869954558,0.035032849016792156,-0.21626125280126618,0.5918586796749248,429.61290808501315,0.01783975965423234,1.073875183047257,0.6445100013964717,0.5544412121144808,10736.5,0.35646938044915444,0.505335707658534
stocks,rsi2,risk 2%,0.024228341044673418,~,0.6495532604811662,0.10019011948285861,-0.3608223955476499,0.9429384744969898,233.82322250219107,0.024594143467470596,1.0952891863651155,0.6479118093388607,0.7398049732468613,5843.5,0.5036560112813924,0.866854376546612
stocks,rsi2,ATR sizing,0.015966889416750507,~,0.6412918088532433,0.09452808684808012,-0.3969828334564235,0.9301474861452579,260.39267911919364,0.024037869522195436,1.092071126683122,0.6502816760741532,0.7337334335910045,6507.5,0.5175666301337718,0.7695625144591445
stocks,rsi2,heat cap 4%,-0.26834868892504027,-,0.35697623051145255,0.02468560930808461,-0.2203994030586136,0.5077415260998972,153.63468174846628,0.015108475308849368,1.0819371979076982,0.6510032576128266,0.38653005878951197,3839.5,0.22669777860940582,0.4598184412543327
stocks,rsi2,heat cap 6%,-0.16007589486531248,-,0.46524902457118034,0.04311961126688901,-0.22507897086202422,0.6614047239360454,225.06010352760734,0.019110766776458024,1.0822495381630453,0.6520504171844488,0.5492597391076051,5624.5,0.1363731748638599,0.6353769282725926
stocks,rsi2,heat cap 8%,-0.014599465505496845,~,0.610725453930996,0.06854871446647459,-0.2786399855097029,0.8770055166455331,277.75886010078875,0.025832997786925493,1.1166147728421176,0.6521945550606705,0.6465913395605537,6941.5,0.4566086036545939,0.7237480170433888
stocks,rsi2,max 5 positions,-0.14506375826128537,-,0.48026116117520745,0.04456740944588122,-0.28602986612078557,0.6847689903775274,222.8393131025416,0.020817488632134337,1.0836237496644197,0.6483437518128103,0.5450529299851903,5569.0,0.1827084269545389,0.5411623767549698
stocks,rsi2,halve risk in 10% DD,-0.0952213222802134,~,0.5301035971562794,0.05669633801290208,-0.2791309944166623,0.7504721283923049,385.6972776073619,0.022165535713797088,1.0818955305216873,0.6500385383201402,0.6274775542675559,9639.0,0.43290025790158404,0.6552411354802937
forex,breakout,naive,0.0,,-0.016591883805289993,-0.04818696993583249,-0.7128633675502434,-0.024161862234801178,207.6421232876712,-0.004643592062035797,0.9675657228149281,0.35983933374130705,4.015384650746212,3112.5,-0.10119808631476652,0.10488264983311837
forex,breakout,regime,0.02385920542168935,~,0.007267321616399361,-0.03773758616684253,-0.6812126804115037,0.010462425106717415,185.3935616438356,-0.008704873018172209,0.971258253432304,0.3591771512349988,3.630812991806798,2779.0,-0.20135699685272693,0.16868816350299182
forex,breakout,vol,-0.12285878976446331,-,-0.1394506735697533,-0.07277328782889597,-0.7654573927771526,-0.19790213557922054,194.23294520547944,-0.027633158835395293,0.9319616340283334,0.35086369069968815,3.8514490485872677,2911.5,-0.27537670302316813,0.04171721372572208
forex,breakout,chop,-0.02709848816300107,~,-0.043690371968291064,-0.051643639134158204,-0.7846160371519943,-0.06284982841621323,182.75842465753425,-0.007850601302866156,0.9579766566369965,0.35871075842208505,3.3845574162092236,2739.5,-0.09619479342865671,0.06659852626746225
forex,breakout,rs,-0.12111546512259043,-,-0.13770734892788042,-0.06342255829413757,-0.7714739070977514,-0.1961275214318144,146.4669178082192,-0.02999289127264905,0.9547340753711236,0.3516039079882368,2.6758394297519343,2195.5,-0.18111254347006508,-0.080377275965508
forex,breakout,score rank only,0.024297933575093446,~,0.007706049769803454,-0.042145900904672295,-0.7338590029371777,0.01109617137313454,210.14383561643834,-0.004584239975640846,0.9744993047187044,0.35904761904761906,3.986089964513409,3150.0,0.007706049769803454,0.007706049769803454
forex,breakout,score top 20%,-0.14105190001505866,-,-0.15764378382034866,-0.04036775147389582,-0.6352287800808575,-0.22208401227733127,88.32712328767123,-0.0499735783417653,0.9357283809499736,0.3459214501510574,1.4718957513030309,1324.0,-0.15764378382034866,-0.15764378382034866
forex,breakout,risk 0.25%,-0.06944388294375893,~,-0.08603576674904892,-0.014830250947784784,-0.3367361043508694,-0.12381772818622727,335.26280821917805,-0.011359648784999692,0.9746981289740119,0.3570007955449483,1.7878119397710237,5025.5,-0.1781250722275206,0.007619290787785909
forex,breakout,risk 0.5%,-0.06135064708596491,~,-0.0779425308912549,-0.036202040940915614,-0.582547632596294,-0.11231772454533065,314.04828767123286,-0.010467256245876938,0.9698896631581831,0.3580744329372533,3.2945570660048604,4707.5,-0.1581059834674844,0.058827571011794914
forex,breakout,risk 2%,-0.14215771585007428,-,-0.15874959965536428,-0.10819064691473207,-0.8941692607274474,-0.2222519793443556,150.97,-0.03146364117338489,0.9235451513145594,0.350466320104326,4.130774496447237,2263.0,-0.2728121367715058,0.05373219360892265
forex,breakout,ATR sizing,0.012528577326572452,~,-0.00406330647871754,-0.02824079099559218,-0.5365286204247528,-0.00600723676998668,302.7071917808219,-0.01605215495053399,0.9750093038894483,0.35540760150473727,3.6366369479334697,4537.5,-0.07187373269956635,0.07039219650608022
forex,breakout,heat cap 4%,-0.07883683957478392,~,-0.09542872338007391,-0.034631772125910176,-0.572684617630839,-0.13802640014332723,139.36205479452053,-0.01846805416248771,0.9577462573150969,0.3536409922007685,2.594714897130631,2089.0,-0.2749876143529046,0.13812982360822323
forex,breakout,heat cap 6%,0.04472270069697555,~,0.02813081689168556,-0.021558052311680953,-0.6315627976344145,0.040922861316936975,175.95376712328766,-0.0022591444302179115,0.9827456473680203,0.359241755009699,3.464877057822062,2637.5,-0.2406806694459228,0.15215074340474152
forex,breakout,heat cap 8%,0.023237795919623147,~,0.006645912114333156,-0.034654535105230255,-0.674008400654822,0.009606389544625372,194.66657534246576,-0.0033481400228078714,0.9757041306513394,0.3597734754707328,3.851818053938614,2918.0,-0.051479750272231395,0.15089467347244795
forex,breakout,max 5 positions,-0.004722999621113166,~,-0.02131488342640316,-0.03389626546522834,-0.6180634951291029,-0.03068646805568452,180.12328767123287,-0.007091739115737577,0.9742294647180993,0.35591683672008867,3.5208890431047912,2700.0,-0.14448771450672693,0.2403642792318719
forex,breakout,halve risk in 10% DD,-0.08013299197399842,~,-0.09672487577928841,-0.04185111291522037,-0.5965084067278029,-0.13760846764583848,307.3770547945205,-0.0044957448853696815,0.9609045285214719,0.3598430044628717,3.3445387976747405,4607.5,-0.21699855696438078,-0.0035012247187280812
forex,breakout,partial 3d + BE + 10MA,0.05218237536794339,~,0.0355904915626534,-0.03468029439590142,-0.6597968025293266,0.052332776003734253,216.94849315068493,-0.0017964604380241206,0.9649372327881256,0.5151252967529845,3.673657073870472,3252.0,-0.06694171217161278,0.15992050322795656
forex,breakout,partial 2R + BE + 20MA,-0.01529396671501013,~,-0.03188585052030012,-0.05246382810299349,-0.7132301537155766,-0.04588506408544701,139.4621232876712,-0.01649328223303906,0.943593859588129,0.35055416720188326,4.376092392492828,2090.5,-0.12437799090974698,0.07915355340687144
forex,breakout,ATR trail 2.5,-0.12177074507149109,-,-0.13836262887678108,-0.1032490380615178,-0.8686842767602984,-0.19731497767146144,121.78335616438355,-0.056888150717787744,0.865063194533767,0.27093385077966575,4.6419136176990055,1825.5,-0.2953302593797562,-0.021554854704639848
forex,breakout,time stop 5d,-0.03769252611790003,~,-0.054284409923190016,-0.05464538499372795,-0.7682193524410623,-0.07773597506044463,267.04945205479453,-0.007913704941145521,0.9623019547596963,0.4027040993764481,3.4317547903405226,4003.0,-0.18778318678721723,0.19276709474121734
forex,pullback,naive,0.0,,-0.5802395784153894,-0.10356412283894983,-0.8413055674145278,-0.8028322929576599,74.3508904109589,-0.13564111460721212,0.7769945489546624,0.3273461947930445,1.597677189424235,1114.5,-0.6136965421494506,-0.5677858403468553
forex,pullback,regime,0.045746153241913445,~,-0.534493425173476,-0.09346670324805467,-0.8147058810378575,-0.7440876273455522,67.11260273972603,-0.13617711777601274,0.7870149056108198,0.328202890404272,1.4389395247984091,1006.0,-0.5523447740397067,-0.5109512649312146
forex,pullback,vol,-0.2689323263222987,-,-0.8491719047376881,-0.11852856840384829,-0.8770748885947086,-1.1390053879871347,61.10849315068493,-0.19791954975943454,0.6945089627016517,0.3034934497816594,1.313712462596702,916.0,-0.8545051124033631,-0.8407630866881223
forex,pullback,rs,0.1106364219482967,+,-0.4696031564670927,-0.06290189024186149,-0.6912904109741469,-0.6534826608066675,40.82794520547945,-0.14432145945335922,0.7662638283142005,0.3235294117647059,0.8106513971539324,612.0,-0.4804387518935842,-0.4627783635654181
forex,pullback,score rank only,-0.00651943634344232,~,-0.5867590147588317,-0.10513745077709746,-0.8454307486282315,-0.808676649602977,74.11739726027398,-0.13842858504248864,0.7714970043082863,0.3258325832583258,1.596939027688765,1111.0,-0.5867590147588317,-0.5867590147588317
forex,pullback,score top 20%,0.26798114618358027,+,-0.31225843223180916,-0.024939856859554244,-0.4156487315143401,-0.44744992094336167,17.945616438356165,-0.12487056413282274,0.7929148967139504,0.3420074349442379,0.3719198083289281,269.0,-0.31225843223180916,-0.31225843223180916
forex,pullback,risk 0.25%,-0.053193173173721964,~,-0.6334327515891114,-0.028268861096947095,-0.3888784430168084,-0.8715236639121551,76.58575342465753,-0.14768312189377342,0.7800792121102773,0.3231707317073171,0.4543487064586429,1148.0,-0.6492968616527491,-0.6223654876160621
forex,pullback,risk 0.5%,-0.057021451243766674,~,-0.6372610296591561,-0.05762810996877338,-0.6366361689291444,-0.876045275934368,76.5190410958904,-0.14948105371131776,0.7707555735535006,0.3225806451612903,0.8810626969591249,1147.0,-0.6512833731896848,-0.6285905633785965
forex,pullback,risk 2%,0.07448568782886023,~,-0.5057538905865292,-0.1417810483044772,-0.921563168493742,-0.697669273303225,64.47746575342465,-0.1235576001316303,0.7770491382468665,0.33126293995859213,2.180796001225729,966.5,-0.559878023891691,-0.4504199966567218
forex,pullback,ATR sizing,0.0036534882374761324,~,-0.5765860901779133,-0.07704833527172239,-0.74361256875242,-0.7852007950116806,76.25219178082192,-0.14470669011860499,0.7716219246205216,0.3242888246722603,1.2310016291853998,1143.0,-0.5995937179324734,-0.5589252334683622
forex,pullback,heat cap 4%,0.08141394685143966,~,-0.49882563156394977,-0.06709554227925141,-0.7194606553877135,-0.6993397624401114,57.439315068493144,-0.11562995843776894,0.8173865550760218,0.33390579460761644,1.261310295551648,861.0,-0.5913462074881466,-0.43050757687082203
forex,pullback,heat cap 6%,0.013149144625031917,~,-0.5670904337903575,-0.09100257640759124,-0.8044712530546002,-0.7827032061770377,68.98054794520547,-0.129964486928113,0.7915156663702838,0.32833655705996134,1.4916411159818717,1034.0,-0.6405862499974668,-0.5229842174018765
forex,pullback,heat cap 8%,-0.010401164084628989,~,-0.5906407425000184,-0.1018095308744057,-0.8365847443411691,-0.8128527899111107,72.98328767123287,-0.13646871443109332,0.7753544135049968,0.3272394881170018,1.5724850384185585,1094.0,-0.6744804710870113,-0.5592346926138813
forex,pullback,max 5 positions,-0.0148199783394809,~,-0.5950595567548703,-0.09248757460369617,-0.8102741419501372,-0.8222953860582105,67.84643835616438,-0.13532419509401872,0.7757659724281651,0.3264705882352941,1.465479926773801,1017.0,-0.6392828909574819,-0.508345515219771
forex,pullback,halve risk in 10% DD,-0.09771941350066149,~,-0.6779589919160509,-0.06228692136668246,-0.6696718862127267,-0.9254396452498863,76.5190410958904,-0.14948105371131776,0.751898779614293,0.3225806451612903,0.896033809509868,1147.0,-0.6917480610933273,-0.6695536075821978
forex,pullback,partial 3d + BE + 10MA,-0.2953185315981889,-,-0.8755581100135783,-0.1336635158040645,-0.8918777899304926,-1.2133779598359231,86.59260273972602,-0.1557836228774987,0.6080382033713115,0.48364775702938,1.2892587758323053,1298.0,-0.8936251359246061,-0.8393849984185312
forex,pullback,partial 2R + BE + 20MA,-0.06746221442900568,~,-0.6477017928443951,-0.13336685601415826,-0.9035890609532475,-0.9076247585207295,67.27938356164383,-0.189545800784146,0.7098741788346102,0.29347342518316677,2.1480009195810275,1008.5,-0.683278726778913,-0.6406892519558198
forex,pullback,ATR trail 2.5,0.03857033490763906,~,-0.5416692435077504,-0.1390383139505204,-0.9141147972685651,-0.7819479270805507,65.94513698630136,-0.20144526045752376,0.641012270211406,0.2628104670726258,2.247393484169693,988.5,-0.5783266779935312,-0.5091437825480781
forex,pullback,time stop 5d,-0.2486470708925005,-,-0.8288866493078899,-0.11574676870374867,-0.8668396613766995,-1.1280719400947818,88.12698630136985,-0.1344781658734893,0.7126293149185183,0.37031432798843855,1.1348586671969523,1321.0,-0.8340361104954208,-0.810246471249912
forex,rsi2,naive,0.0,,-0.4799605594747845,-0.08431181667264825,-0.7534157662964167,-0.6511689339896538,266.78260273972603,-0.0287169167802149,0.8569986824407123,0.6098874211654925,2.0672372801389622,3999.0,-0.5331469912177177,-0.40372275026432397
forex,rsi2,vol,0.012129497714730542,~,-0.46783106176005396,-0.07452576321624704,-0.7586738363079257,-0.6451705517781692,243.29986301369863,-0.028108136951022357,0.8744425369335644,0.6126953745272397,1.9309027643848142,3647.0,-0.533035865770405,-0.43621785886713094
forex,rsi2,rs,0.3547865564957501,+,-0.1251740029790344,-0.015250589742331178,-0.3159949941659552,-0.175459740519627,98.06712328767122,-0.012308245701233449,0.9284576760784183,0.6142857142857143,0.6996777332860492,1470.0,-0.12517400297903497,-0.12517400297903422
forex,rsi2,score rank only,-0.014442006382755168,~,-0.49440256585753967,-0.08721490211380245,-0.7674684828982972,-0.6715968501141419,265.44835616438354,-0.0302721296456643,0.8552430077196183,0.6054284996230208,2.062155092539744,3979.0,-0.49440256585753967,-0.49440256585753967
forex,rsi2,score top 20%,0.37458778496954437,+,-0.10537277450524013,-0.009714922959037087,-0.3437327187582607,-0.14974515970603572,68.38013698630137,-0.011403030770688818,0.9379595261132033,0.6058536585365853,0.5030122760961451,1025.0,-0.10537277450524013,-0.10537277450524013
forex,rsi2,risk 0.25%,-0.010216494713240654,~,-0.49017705418802515,-0.019813581912788036,-0.2808135814891534,-0.6657302771112594,267.88335616438354,-0.028749888895825748,0.8630926220742059,0.6096374660541888,0.5235802039056998,4015.5,-0.5364298863216344,-0.44119736390682845
forex,rsi2,risk 0.5%,-0.005953899441581534,~,-0.48591445891636603,-0.0404648386461412,-0.48957689526421017,-0.6603094513250308,267.88335616438354,-0.028749888895825755,0.8603658818048984,0.6096374660541888,1.0444958153737074,4015.5,-0.5318060997381062,-0.4375147997699914
forex,rsi2,risk 2%,0.020187233638077562,~,-0.45977332583670694,-0.1443505310557131,-0.9070994723768766,-0.6296568721672392,218.7830821917808,-0.028164103833379476,0.8512998076247594,0.6068932223271462,3.2148539713750055,3279.5,-0.6112284194299853,-0.4204822105211994
forex,rsi2,ATR sizing,-0.02223155606933397,~,-0.5021921155441185,-0.12539103114923855,-0.8748970467846074,-0.6845473878040487,248.80363013698627,-0.02960890470157855,0.8486836021445837,0.605999385896129,2.826489904437247,3729.5,-0.584648689212849,-0.46643381367724246
forex,rsi2,heat cap 4%,0.08567657872668716,~,-0.39428398074809734,-0.029624931068854277,-0.42387336142120874,-0.537173266016105,114.1781506849315,-0.025361994284782332,0.8718790843216584,0.6102465980269689,0.8967469469982003,1711.5,-0.5615550816494255,-0.2159440430418528
forex,rsi2,heat cap 6%,0.042369064801504874,~,-0.4375914946732796,-0.0470998255456575,-0.5372417840210247,-0.6116044247322265,165.88020547945206,-0.02710618913950086,0.8628776208269137,0.6112562657006142,1.2909860983902912,2486.5,-0.5548434681267362,-0.3483635598917624
forex,rsi2,heat cap 8%,-0.03825405361075046,~,-0.518214613085535,-0.06842742643810401,-0.6648896972064653,-0.6978002885534438,208.84294520547945,-0.03074920067873583,0.8441128274597904,0.6089455272363818,1.620403008297735,3130.5,-0.5735622638534221,-0.42314120011596507
forex,rsi2,max 5 positions,0.023034046867421443,~,-0.45692651260736306,-0.04943625524556833,-0.5541991127056034,-0.6283259287081184,172.98506849315066,-0.026492074962179542,0.8643242876188014,0.60964311262992,1.350650383717869,2593.0,-0.5673884226819803,-0.29905591230735223
forex,rsi2,halve risk in 10% DD,-0.0780277193249394,~,-0.5579882787997239,-0.048091709335345845,-0.5343448689475321,-0.7501402543673937,267.88335616438354,-0.02874988889582575,0.8344859680951515,0.6096374660541888,1.0702345478743753,4015.5,-0.6056480768775665,-0.5164320288262256
crypto,breakout,naive,0.0,,0.30373523511247624,0.04268265527959869,-0.3184847050710079,0.4615271882574816,264.4580243644068,0.05003384357242745,1.0241297869917543,0.3830556184818814,0.35632615449283167,683.5,0.14852500026641483,0.4435086514365068
crypto,breakout,regime,-0.011162984467285142,~,0.2925722506451911,0.043983972871050825,-0.2696105558669208,0.44600420683841135,169.4698093220339,0.07644543983467825,1.0415268276642418,0.3861150317572336,0.19915810647284798,438.0,0.18866725165211234,0.4545216898266112
crypto,breakout,vol,0.15519721085950322,+,0.45893244597197946,0.10893140717337946,-0.3035222628217023,0.6960454735071543,247.43365995762713,0.07487325258861885,1.0625846312466256,0.39085766668157224,0.3377657101767323,639.5,0.2497656837722418,0.7130537380098015
crypto,breakout,chop,-0.029619623839423848,~,0.2741156112730524,0.03317770230525041,-0.30138018996362154,0.40392679929575404,228.0877913135593,0.04265244486753841,1.0213200446916826,0.38155698395201354,0.3043572977232907,589.5,0.1572926898209815,0.335268340849111
crypto,breakout,rs,-0.052352152009137676,~,0.25138308310333857,0.03157269400081708,-0.16232330037257314,0.3833192966357452,126.71543961864407,0.041262614720648995,1.0382740369145413,0.3744230659651655,0.15690430379864484,327.5,0.1456637610342777,0.33501043619235127
crypto,breakout,volume,0.009832025877617667,~,0.3135672609900939,0.05048995640467013,-0.30318112892667404,0.45995527587813134,181.8511652542373,0.05999856481425112,1.0387170029224269,0.3814107247223846,0.2392945960478412,470.0,0.19672378402749968,0.4433141194047933
crypto,breakout,score rank only,0.00797602821110266,~,0.3117112633235789,0.04621771696925814,-0.28943343878405814,0.4659130885863175,261.16922669491527,0.05216132482779277,1.0250107907174277,0.38074074074074077,0.359284018169858,675.0,0.3117112633235789,0.3117112633235789
crypto,breakout,score top 20%,-0.28891528420268636,-,0.014819950909789874,-0.01680204951065667,-0.1842435660453592,0.02328021041763435,88.6040783898305,0.007773980255579895,0.9713284900667413,0.37117903930131,0.11097753937347632,229.0,0.014819950909789874,0.014819950909789874
crypto,breakout,risk 0.25%,0.10222115836681134,+,0.4059563934792876,0.04178145975917291,-0.08774292844289888,0.6080219794264428,300.0544226694915,0.063157015618131,1.0843488795846126,0.38531287365484257,0.10305546938147049,775.5,0.22087519480484671,0.5315115106898329
crypto,breakout,risk 0.5%,0.1034907797989203,+,0.40722601491139654,0.07040781421326758,-0.17195307677661725,0.6129064006426543,300.0544226694915,0.063157015618131,1.0673323569337518,0.38531287365484257,0.20542376570118748,775.5,0.22323180146558194,0.5304527954508871
crypto,breakout,risk 2%,-0.15929819967018333,-,0.14443703544229292,-0.057018047445371756,-0.49045764532033176,0.2147473081087039,199.64936440677965,0.038410100661568455,0.972094385298024,0.38036168665939657,0.4515065653796722,516.0,-0.10751109356016979,0.31778476537633465
crypto,breakout,ATR sizing,0.1362296992412776,+,0.43996493435375383,0.08990399371996327,-0.2261952239517706,0.6599334941721251,298.89367055084745,0.06044046279070889,1.0679004886582102,0.3848214285714286,0.25775741854850204,772.5,0.3169578345576005,0.6394150921409829
crypto,breakout,heat cap 4%,0.3686584983500951,+,0.6723937334625714,0.12633058627893645,-0.18299977673066858,1.0294260065255636,135.03416313559322,0.1149612357011991,1.1534563943335425,0.4060287191647729,0.1793868311523919,349.0,0.18599907437173854,0.9636168115761091
crypto,breakout,heat cap 6%,0.06870965223954828,~,0.3724448873520245,0.06809405542116431,-0.24308710036514303,0.57043355699395,190.75026483050848,0.0661003368994594,1.0551639119932443,0.38745933155871043,0.24555185902634252,493.0,0.02273627844044642,0.6519035887160406
crypto,breakout,heat cap 8%,0.19598631369511677,+,0.499721548807593,0.11889502868787827,-0.2624133825141888,0.7639978663576439,227.3139565677966,0.08274393297423285,1.080145147681047,0.39516854267166934,0.29502310536991494,587.5,0.3662867104408963,0.7373212562178852
crypto,breakout,max 5 positions,0.12345498170222902,+,0.42719021681470526,0.08458217121098899,-0.30125020646065753,0.6458769982982357,188.8156779661017,0.07508840400082299,1.0726820255754166,0.3903688524590164,0.2650945575164019,488.0,0.1550076301161398,0.6996662161278979
crypto,breakout,halve risk in 10% DD,-0.2062352721195787,-,0.09749996299289755,-0.011675776334562515,-0.2491011706069658,0.14119782724014002,296.3787076271187,0.06399763540300282,0.9896167224419181,0.38652898501129285,0.22966117161670052,766.0,-0.042958398799235804,0.29798032122389134
crypto,breakout,partial 3d + BE + 10MA,0.3868425939245159,+,0.6905778290369922,0.2322277715499209,-0.3007950753535276,1.1351799976889032,223.44478283898303,0.16900764340245056,1.2173655140933275,0.4974271012006861,0.3222058926978656,577.5,0.5811374418198927,0.8210643607265887
crypto,breakout,partial 2R + BE + 20MA,1.0884981363985786,+,1.3922333715110549,0.6658756056853474,-0.23225129357304902,2.281758474996204,151.47815148305085,0.4677163228101459,1.6414291285882916,0.4127645143787303,0.46189404664501255,391.5,1.1270494745541657,1.4810506273159942
crypto,breakout,ATR trail 2.5,0.9738368524643475,+,1.2775720875768237,0.7690381594949353,-0.29266094436793444,2.1861561474746436,139.48371292372883,0.5141180063659663,1.6959436041311617,0.3411602209944752,0.5156204513503617,360.5,1.052330300420438,1.3766496738491922
crypto,breakout,time stop 5d,0.11608554596299647,+,0.4198207810754727,0.09319927697612185,-0.3185725806012543,0.6632446730478545,296.185248940678,0.057152652188392855,1.0517557755544675,0.39649035627052975,0.2589581998047337,765.5,0.18623340082961148,0.8073085834009299
crypto,pullback,naive,0.0,,0.11748234278113692,-0.0005437569680438736,-0.3532225158114088,0.16424426934146197,108.53032309322035,0.03169626595111284,0.9993074511670262,0.3865019872214117,0.21459372626209933,280.5,0.031775258796866525,0.2783905066072371
crypto,pullback,regime,-0.2838959242618405,-,-0.16641358148070362,-0.05984973197215554,-0.37236946463603354,-0.2273917720634896,84.73490466101696,-0.031177079028341062,0.8853256539139276,0.3592643793724603,0.15608155479189104,219.0,-0.2977543424922582,-0.026848781410502485
crypto,pullback,vol,0.07115100324240275,~,0.18863334602353968,0.017295625378165314,-0.3076100646306387,0.2601905940436174,99.43776483050847,0.047785296976716136,1.0258142126747756,0.39376367947470814,0.1971257629273031,257.0,0.08991100723238807,0.3383020614725087
crypto,pullback,rs,0.3852310641190472,+,0.5027134069001841,0.05474258525727804,-0.21081779306857562,0.7573945559574158,46.043167372881356,0.13002567323919573,1.1788372657444834,0.40336134453781514,0.08356233523123191,119.0,0.5027134069001838,0.5027134069001843
crypto,pullback,volume,0.2560468465553313,+,0.3735291893364682,0.05351117346169598,-0.22884056125150204,0.5316526184936509,77.38347457627118,0.10388906975961568,1.0998173616199538,0.3940174129353234,0.15005670704968116,200.0,0.22979293273545412,0.4449919353520362
crypto,pullback,score rank only,-0.059382476360106025,~,0.0580998664210309,-0.01502444257981772,-0.3783844690065682,0.08120218577206176,107.56302966101696,0.018948685376190835,0.9802782175153023,0.381294964028777,0.2157240255702329,278.0,0.0580998664210309,0.0580998664210309
crypto,pullback,score top 20%,0.43685350000909207,+,0.554335842790229,0.049467293241908905,-0.08629284618345834,0.8629889911915369,28.63188559322034,0.17972849592775156,1.3120691593352174,0.43243243243243246,0.0522497578646867,74.0,0.554335842790229,0.554335842790229
crypto,pullback,risk 0.25%,0.17228959516946826,+,0.2897719379506052,0.016392478158850365,-0.09947695252795657,0.41422268883339197,111.04528601694915,0.06747947344452165,1.0943647143730306,0.397212543554007,0.05730537636184352,287.0,0.1986714927964261,0.33677947936225866
crypto,pullback,risk 0.5%,0.16295146046231287,+,0.2804338032434498,0.02768089179368949,-0.19439748236878485,0.400440881865747,111.04528601694915,0.06747947344452165,1.0756424619603155,0.397212543554007,0.11427565186299635,287.0,0.18806018194105484,0.3282423417182111
crypto,pullback,risk 2%,-0.30242877152528713,-,-0.18494642874415024,-0.1123652472771744,-0.5511436690483648,-0.25007415271882083,91.3125,-0.020767436804111285,0.9056894240579958,0.3630544536602957,0.293684098127008,236.0,-0.2730820196131752,-0.09014587587761301
crypto,pullback,ATR sizing,0.23953956524382733,+,0.35702190802496425,0.047012972286798904,-0.21035197680822326,0.5071356608665716,111.04528601694915,0.06747947344452165,1.0991619961427719,0.397212543554007,0.14763967711746678,287.0,0.2689280793625737,0.44461910603569266
crypto,pullback,heat cap 4%,-0.2907589145948607,-,-0.17327657181372375,-0.034549797525140535,-0.2882387062664337,-0.23725340172972798,65.58249470338983,-0.03408549872272016,0.9244567056669277,0.3607059309206,0.13169130646657534,169.5,-0.400695063620077,0.16987474248145826
crypto,pullback,heat cap 6%,-0.13374235617204538,-,-0.01626001339090846,-0.020879655658902818,-0.33385134301095476,-0.0226080814946234,87.44332627118644,0.0012500897673586892,0.9666454916135734,0.37168141592920356,0.16921169725926333,226.0,-0.17636890653854093,0.05847107938625712
crypto,pullback,heat cap 8%,-0.05618794565717768,~,0.06129439712395924,-0.010267676638394063,-0.3575468195345395,0.08513511187138956,100.0181408898305,0.021674365622884995,0.9856963741239346,0.37765072765072766,0.1994773856270177,258.5,-0.06064374679356928,0.30190744032608513
crypto,pullback,max 5 positions,-0.1541376524907218,-,-0.03665530970958489,-0.021484467313886924,-0.29521040573223367,-0.05067699479722293,82.6068591101695,-0.005571575452467214,0.962958991436993,0.36596896191966616,0.16166296624126436,213.5,-0.22331228197757272,0.195104133818655
crypto,pullback,halve risk in 10% DD,0.10322605840250162,+,0.22070840118363855,0.023513306285209423,-0.25489529339151606,0.31531780182794655,109.30415783898306,0.033315378477989814,1.0444333985435896,0.3861195542046606,0.14916310713175873,282.5,0.1481635160261969,0.2641424298039885
crypto,pullback,partial 3d + BE + 10MA,0.6965829219910186,+,0.8140652647721555,0.1907099359972354,-0.2936976619325524,1.165193056515003,124.00701800847457,0.18593459847731952,1.3398095724976198,0.5375,0.20291492804078004,320.5,0.6616212628927961,0.9516217708330016
crypto,pullback,partial 2R + BE + 20MA,0.48944822552045986,+,0.6069305683015968,0.13854161151758104,-0.33524832619452655,0.8555631002350772,85.12182203389831,0.21118736102945312,1.2128735277690903,0.37159817351598173,0.2798439494635908,220.0,0.47915998090043527,0.6739420683159759
crypto,pullback,ATR trail 2.5,0.31738829049978534,+,0.43487063328092224,0.09602111506284283,-0.3772375488781136,0.6118549328067464,94.0209216101695,0.17751485984017207,1.147966312011441,0.3026597524255604,0.32348383727586894,243.0,0.41389642638173524,0.5081549000732783
crypto,pullback,time stop 5d,0.5582459345942108,+,0.6757282773753477,0.11639077353879135,-0.25068850128327935,0.9671285287314106,131.93882415254237,0.10679550678090458,1.2054021661285457,0.4553464242839993,0.15011585269408673,341.0,0.35025879667321363,0.8086738854874501
crypto,rsi2,naive,0.0,,-1.1256166869725561,-0.1944059264923344,-0.4731399551280814,-1.3704801074945705,256.13930084745766,-0.07949593870519868,0.645205745903906,0.6051241163750023,0.1470417486925629,662.0,-1.2076687481355777,-1.049825253719544
crypto,rsi2,regime,0.7790527654314148,+,-0.34656392154114135,-0.062247191867710494,-0.2972861720242595,-0.44526902403282076,193.45868644067798,-0.02893866622781934,0.8217715747657408,0.6308953722334004,0.10960181105118913,500.0,-0.40498592044637477,-0.25034930388682225
crypto,rsi2,vol,0.08984095898976463,~,-1.0357757279827915,-0.17057412534879862,-0.4296866843244754,-1.2858132208962076,238.14764300847457,-0.07398538798083507,0.6666305168948607,0.6142615475139748,0.13919167789984305,615.5,-1.120121784051534,-0.9968687960787987
crypto,rsi2,rs,0.037893509957044325,~,-1.0877231770155118,-0.08945511132110384,-0.2280288843620928,-1.350994844759613,103.69385593220339,-0.08730992948614832,0.6082508105556909,0.5895522388059702,0.05555655166323417,268.0,-1.0877231770155118,-1.0877231770155118
crypto,rsi2,score rank only,0.03157227670200391,~,-1.0940444102705522,-0.18650965700589173,-0.46055505003760366,-1.3427065252716668,254.5916313559322,-0.07593209657504972,0.6562614495473761,0.6048632218844985,0.1443936560517059,658.0,-1.0940444102705522,-1.0940444102705522
crypto,rsi2,score top 20%,-0.008339002964915965,~,-1.133955689937472,-0.0846814536218613,-0.20962296854193585,-1.3785851309522,75.4488877118644,-0.1144153720747485,0.520049269679938,0.558974358974359,0.041978428305269794,195.0,-1.133955689937472,-1.133955689937472
crypto,rsi2,risk 0.25%,-0.023395345091241637,~,-1.1490120320637978,-0.050275914518144504,-0.14260237436350093,-1.3925712472857166,256.13930084745766,-0.07949593870519868,0.6562722441641928,0.6051241163750023,0.036592855289079906,662.0,-1.2299031017521114,-1.069766957147208
crypto,rsi2,risk 0.5%,-0.015813257639816447,~,-1.1414299446123726,-0.09947799776976751,-0.2679200804276728,-1.3854153258291872,256.13930084745766,-0.07949593870519868,0.652386423380382,0.6051241163750023,0.07329305073686847,662.0,-1.2226853400200548,-1.063299148485611
crypto,rsi2,risk 2%,0.07032289733957375,~,-1.0552937896329824,-0.3387473076260257,-0.7085697339812214,-1.2999722960723878,246.46636652542372,-0.07462406446272164,0.646608361863765,0.605939974276087,0.27707882052552635,637.0,-1.1381976248669101,-0.9461894496939519
crypto,rsi2,ATR sizing,0.05965045303904715,~,-1.065966233933509,-0.27484981645837303,-0.6142186187449858,-1.3091701454603433,254.78509004237287,-0.07654987013161799,0.6463033280548794,0.6071415373244642,0.21933934819188833,658.5,-1.1966998419729185,-0.9934664210078242
crypto,rsi2,heat cap 4%,-0.00893338378408881,~,-1.134550070756645,-0.0878528041463651,-0.26367166192065206,-1.410881988289253,125.16777012711864,-0.07133150360363102,0.6880214927863868,0.6248076923076923,0.06687071878981349,323.5,-1.3174897541285242,-0.9704954389839265
crypto,rsi2,heat cap 6%,-0.18462629880392623,-,-1.3102429857764823,-0.13344339894306018,-0.3610072537334396,-1.6071378911178518,166.9548463983051,-0.08257372858246574,0.6456722385810671,0.6147640435088018,0.09230053508473354,431.5,-1.458713452766733,-1.138474588108523
crypto,rsi2,heat cap 8%,-0.14720496996164956,-,-1.2728216569342057,-0.1570117991762941,-0.4036083737245556,-1.5548538248268104,203.13162076271186,-0.08008371896722305,0.6460969498742106,0.609064807219032,0.11415741944263247,525.0,-1.443731612988485,-1.0578881699781002
crypto,rsi2,max 5 positions,-0.23201616260399338,-,-1.3576328495765495,-0.14510058747720045,-0.38487395194979035,-1.7033280284670447,175.27356991525423,-0.0878516036852538,0.6326002698593283,0.608436299552493,0.0978887598383047,453.0,-1.5664572599986188,-1.110279260225301
crypto,rsi2,halve risk in 10% DD,0.11249940913970269,+,-1.0131172778328534,-0.11104131353052954,-0.31020371970949984,-1.3190874902102803,256.13930084745766,-0.0794959387051987,0.6697427976593129,0.6051241163750023,0.08657613237270753,662.0,-1.066270181872586,-0.9508564377122496
