,stocks_breakout,stocks_pullback,stocks_rsi2,forex_breakout,forex_pullback,forex_rsi2,crypto_breakout,crypto_pullback,crypto_rsi2
1995,0.12308792426312287,0.41047640785277584,0.34242661472292935,,,,,,
1996,-0.07935417718295634,0.05953148699275479,0.18614848816163176,,,,,,
1997,0.01613700644206917,0.1367944549779596,0.4437967404212775,,,,,,
1998,0.2237216114388747,0.10485670567755667,0.07245641710993533,,,,,,
1999,-0.22296504117497873,0.04260407383125142,0.17905911172718048,,,,,,
2000,-0.07252854549063514,0.4273523420764851,0.286653587974917,,,,,,
2001,-0.23286456279295908,-0.18188747619774626,-0.004887413700764953,,,,,,
2002,-0.16740716356341323,-0.012209523933640387,-0.08276156968221693,,,,,,
2003,0.08287381880015698,0.4258301611696409,0.25607316247589074,,,,,,
2004,-0.1204179310852026,0.1634852599539771,-0.006628145427422738,,,,,,
2005,0.0808743435806587,0.08795818388057342,0.09832942282337198,-0.020976617355324412,-0.08166213331646299,-0.2452273182577448,,,
2006,-0.03481059805566922,-0.029885009220818937,0.08344483686215631,-0.028397989938073187,-0.006698714529802419,0.14706715259860492,,,
2007,0.12063871223838851,0.013202182387286765,-0.026312748043647582,0.4183179343860477,-0.3198157715808684,-0.001163453498241207,,,
2008,-0.5147314097544773,-0.39808073021382195,-0.20937547810620238,-0.038167731897591484,0.2027782549155004,0.0413771604152402,,,
2009,0.1632027324609282,0.2425626583945515,0.10752404541047889,-0.42866876221989014,-0.19757030345666815,-0.04232492417973921,,,
2010,-0.03243781197013185,0.16310023416591912,-0.08956322337999201,0.41104903910719215,-0.23123207757152342,-0.12424349239379406,,,
2011,-0.10930827247773556,-0.07983312996635417,-0.0672032414244016,-0.3069651722475648,0.10214108832616042,-0.20461527195785656,,,
2012,0.1908356215867728,-0.06976763561132548,-0.04300386479778007,0.2511920822006797,-0.16953539226522396,-0.3287656795214602,,,
2013,0.28958090243378365,0.31787866841226275,0.40071506597949313,0.006320497349685761,-0.07096733060101745,0.09898287879957302,,,
2014,0.10216956093209717,0.10036621299038173,-0.04571025462982892,-0.11292822833709582,-0.2237088533518169,0.08281218534465662,,,
2015,-0.005067634066878046,-0.1019728936319092,-0.05976508918354473,0.29090507239069807,0.007607457473261636,-0.09905136718111307,,,
2016,0.0986113669837616,0.08819956302782384,-0.04269089408844895,-0.1492548086563419,-0.1182726378672968,-0.049831407455795285,,,
2017,0.08241740797133157,0.1603613870131113,0.12063595760470047,-0.03381974492857198,-0.13208096023157367,-0.1650506241829599,,,
2018,-0.13512499609807216,0.048723498693149514,-0.08044511549572919,-0.028833235951735037,-0.16564533280284133,-0.10532282243333557,0.004959233755592374,0.04282183373489423,0.02603607106575967
2019,0.10167226832676324,0.19272752986869168,0.17818232912048892,-0.011550256274367343,0.015270496897849206,-0.0444706090499416,-0.019532153512188954,0.28021423875134466,-0.18438388590947075
2020,,,,,,,0.16043052863290397,-0.2440507467216848,-0.29994612630759365
