asset,setup,cagr,vol,sharpe,sortino,maxdd,trades,trades_per_yr,win_rate,avg_win_r,avg_loss_r,avg_win_pct,avg_loss_pct,exp_r,profit_factor,avg_bars,lose_streak,cost_share,exposure,time_in_mkt,avg_positions,gross_exp_r,gross_cagr,seed_sharpe_min,seed_sharpe_med,seed_sharpe_max
stocks,breakout,-0.01947655510255908,0.17084919029933393,-0.029793169797675573,-0.04199599793084618,-0.8099640964100678,5215,208.67427147239263,0.37622243528283794,1.8083156804225236,-1.1236952285678927,0.056134720988669964,-0.031231001250626944,-0.020606944111671032,0.9708261227778311,4.789261744966443,30,0.10505729693182347,0.7479736471122314,0.9890371782650142,3.9682237051159834,0.07833020821832791,0.04895813334675436,-0.4186531013260752,-0.1685576042158978,0.06089214408817501
stocks,pullback,0.07527360815873219,0.15324265986383917,0.5505991501592785,0.79810068141434,-0.5462875852248681,3210,128.44571647677475,0.41962616822429905,1.635831478028482,-1.0553540233157914,0.07051087177178611,-0.039788906698471994,0.0739378365940953,1.1313639026161564,8.065109034267913,23,0.08413943667545966,0.737441602397528,0.9652049571020019,4.113282491261519,0.16805516964981826,0.1331281698926723,0.24866147815367945,0.4097931736843705,0.6615511640725049
stocks,rsi2,0.0676231283434574,0.1456800953410565,0.5225202073243848,0.736739863647321,-0.36011505843726643,8250,330.11749561787906,0.6498181818181819,0.3128690654296028,-0.5166586787930604,0.03215068932073843,-0.044128675657716415,0.0223835317254484,1.0758323722099876,4.4283636363636365,17,0.13244796255811286,0.7205385734824398,0.9829996822370511,5.804575786463299,0.04804514256762879,0.15878503919287867,0.4884533375874581,0.6231413461711321,0.7704718105800479
forex,breakout,-0.012765979487669554,0.29650894115292126,0.10488264983311837,0.15094839743852362,-0.6256586483486628,3051,203.53931506849315,0.3664372336938709,1.8175780623503077,-1.0325119887278433,0.020420069295446926,-0.011364959969531399,0.011867125367657487,0.9902947004879239,5.730580137659784,19,0.06382399524879646,4.039612381888776,0.9851548502687484,4.48784233427182,0.05050896106510599,0.053144105159045996,-0.11521177190875659,-0.016591883805289993,0.10488264983311837
forex,pullback,-0.1022586853645171,0.16502473643702723,-0.569498407882378,-0.7876841513616635,-0.8378070504146046,1117,74.51767123287671,0.3276633840644584,1.6856632028341707,-1.0188608446353848,0.023270979355015046,-0.013367922628157312,-0.13268734295780432,0.7800879750966746,7.180841539838854,17,0.06432303376002894,1.6023064979477137,0.7496800614282058,2.0596365497824416,-0.09302952173892008,-0.07847855459216968,-0.6147020981722233,-0.5802395784153894,-0.5662001342597572
forex,rsi2,-0.07858759588161912,0.1564403592767478,-0.44354966038552535,-0.6046531108465372,-0.7307818240621565,3995,266.51575342465753,0.6125156445556946,0.30543006575609594,-0.551627015317519,0.008751221378438747,-0.014419498048512823,-0.026666144882691496,0.8642326410263791,4.834042553191489,11,0.08663108511225692,2.0696254711794615,0.9462503199385718,4.954952649091375,-0.009505390173753034,-0.036064507115902034,-0.5331469912177177,-0.4748303401414926,-0.40372275026432397
crypto,breakout,0.05321966014198409,0.4055324168230147,0.3291464315632224,0.4963320546741862,-0.32595287849451904,680,263.103813559322,0.38382352941176473,1.7638938927276586,-1.011576698462366,0.16462042415604058,-0.09704495156304375,0.05371421962674632,1.030065191027037,4.795588235294118,19,0.07598635148601364,0.3618370815470203,0.8296296296296296,3.450793650793651,0.10751559772779658,0.2065215506363529,0.14852500026641483,0.37143287313803286,0.5570981582454816
crypto,pullback,0.0035569542538607113,0.24148614664312312,0.13551544957271724,0.190066031564485,-0.3451135147984645,286,110.65836864406779,0.3881118881118881,1.646251974891362,-0.9879364667281525,0.18254931356858056,-0.11059359160725586,0.03442338299130949,1.0046088478723203,7.758741258741258,17,0.07173958697095496,0.21407945523776312,0.671957671957672,2.348148148148148,0.07996865743304422,0.05353921719079979,-0.04617837485350433,0.14988652118405038,0.2783905066072371
crypto,rsi2,-0.18688868435846073,0.17595767895056744,-1.0858091010403585,-1.326141801832058,-0.4606386946619194,661,255.75238347457628,0.6081694402420574,0.25517255761213864,-0.5894229109360573,0.0678195632516223,-0.1303562213396302,-0.0757657575981227,0.6556105252070434,4.6928895612708015,10,0.13056436105359542,0.14678589365385156,0.7417989417989418,3.2825396825396824,-0.055799623845164556,-0.14400986532745463,-1.2076687481355777,-1.1256166869725561,-1.049825253719544
